Date,IndexValue,Label
1/31/2000,,SPEI-3
2/29/2000,,SPEI-3
3/31/2000,1.699953168,SPEI-3
4/30/2000,1.224048033,SPEI-3
5/31/2000,-0.265192831,SPEI-3
6/30/2000,-1.920015357,SPEI-3
7/31/2000,-1.478375565,SPEI-3
8/31/2000,-0.985558705,SPEI-3
9/30/2000,0.271695398,SPEI-3
10/31/2000,0.205411102,SPEI-3
11/30/2000,-0.139405327,SPEI-3
12/31/2000,-1.075910728,SPEI-3
1/31/2001,-0.723392965,SPEI-3
2/28/2001,-0.294080844,SPEI-3
3/31/2001,0.469783249,SPEI-3
4/30/2001,1.249470292,SPEI-3
5/31/2001,1.074451258,SPEI-3
6/30/2001,0.861265087,SPEI-3
7/31/2001,-0.417132042,SPEI-3
8/31/2001,-0.617909435,SPEI-3
9/30/2001,0.643550493,SPEI-3
10/31/2001,1.195235905,SPEI-3
11/30/2001,1.655104994,SPEI-3
12/31/2001,0.120695637,SPEI-3
1/31/2002,-0.352766077,SPEI-3
2/28/2002,1.463573988,SPEI-3
3/31/2002,1.457873382,SPEI-3
4/30/2002,1.900011622,SPEI-3
5/31/2002,1.914954805,SPEI-3
6/30/2002,1.693855142,SPEI-3
7/31/2002,0.429022784,SPEI-3
8/31/2002,1.33138839,SPEI-3
9/30/2002,1.362835738,SPEI-3
10/31/2002,1.924548312,SPEI-3
11/30/2002,1.570191536,SPEI-3
12/31/2002,1.26633549,SPEI-3
1/31/2003,0.595663388,SPEI-3
2/28/2003,-1.5003077,SPEI-3
3/31/2003,-0.945705795,SPEI-3
4/30/2003,-2.37900239,SPEI-3
5/31/2003,-1.336012564,SPEI-3
6/30/2003,-1.122912096,SPEI-3
7/31/2003,-0.304766038,SPEI-3
8/31/2003,-0.119438989,SPEI-3
9/30/2003,0.196450213,SPEI-3
10/31/2003,-0.162402365,SPEI-3
11/30/2003,-0.218137532,SPEI-3
12/31/2003,-0.009594854,SPEI-3
1/31/2004,0.48443209,SPEI-3
2/29/2004,0.937595231,SPEI-3
3/31/2004,0.24626377,SPEI-3
4/30/2004,-0.157417686,SPEI-3
5/31/2004,-0.181774475,SPEI-3
6/30/2004,0.575671327,SPEI-3
7/31/2004,0.919541273,SPEI-3
8/31/2004,0.504070317,SPEI-3
9/30/2004,0.22899005,SPEI-3
10/31/2004,-1.139545287,SPEI-3
11/30/2004,-0.235540684,SPEI-3
12/31/2004,0.136883893,SPEI-3
1/31/2005,0.338903545,SPEI-3
2/28/2005,-0.077238604,SPEI-3
3/31/2005,-0.791976021,SPEI-3
4/30/2005,-0.788939063,SPEI-3
5/31/2005,0.04245597,SPEI-3
6/30/2005,0.295280136,SPEI-3
7/31/2005,1.186424485,SPEI-3
8/31/2005,0.858839372,SPEI-3
9/30/2005,0.826475724,SPEI-3
10/31/2005,-0.083343013,SPEI-3
11/30/2005,-1.046038412,SPEI-3
12/31/2005,-0.060166414,SPEI-3
1/31/2006,-0.843968953,SPEI-3
2/28/2006,0.038548588,SPEI-3
3/31/2006,-0.420636533,SPEI-3
4/30/2006,0.995000645,SPEI-3
5/31/2006,0.683477791,SPEI-3
6/30/2006,-0.465394129,SPEI-3
7/31/2006,-1.678201139,SPEI-3
8/31/2006,-1.491147163,SPEI-3
9/30/2006,-1.993195396,SPEI-3
10/31/2006,-0.719562869,SPEI-3
11/30/2006,-1.856690888,SPEI-3
12/31/2006,-2.080059429,SPEI-3
1/31/2007,0.521988501,SPEI-3
2/28/2007,1.376569778,SPEI-3
3/31/2007,1.687795305,SPEI-3
4/30/2007,-0.300471136,SPEI-3
5/31/2007,0.602467452,SPEI-3
6/30/2007,0.264680118,SPEI-3
7/31/2007,1.107707358,SPEI-3
8/31/2007,0.887766253,SPEI-3
9/30/2007,1.22897393,SPEI-3
10/31/2007,0.732484903,SPEI-3
11/30/2007,0.103526894,SPEI-3
12/31/2007,-1.154472159,SPEI-3
1/31/2008,1.461691164,SPEI-3
2/29/2008,0.86244524,SPEI-3
3/31/2008,1.447180314,SPEI-3
4/30/2008,1.656104794,SPEI-3
5/31/2008,1.03897459,SPEI-3
6/30/2008,-0.550422156,SPEI-3
7/31/2008,-1.775833225,SPEI-3
8/31/2008,-1.188721727,SPEI-3
9/30/2008,-0.101441793,SPEI-3
10/31/2008,0.791263406,SPEI-3
11/30/2008,0.479821616,SPEI-3
12/31/2008,0.248850208,SPEI-3
1/31/2009,-1.794189209,SPEI-3
2/28/2009,-0.740387725,SPEI-3
3/31/2009,-0.24092391,SPEI-3
4/30/2009,-0.714838518,SPEI-3
5/31/2009,0.670116544,SPEI-3
6/30/2009,1.297119389,SPEI-3
7/31/2009,1.558221849,SPEI-3
8/31/2009,0.344057709,SPEI-3
9/30/2009,-0.233804833,SPEI-3
10/31/2009,-0.08933015,SPEI-3
11/30/2009,1.083629714,SPEI-3
12/31/2009,1.608612372,SPEI-3
1/31/2010,0.768209293,SPEI-3
2/28/2010,-0.530063547,SPEI-3
3/31/2010,-0.942442694,SPEI-3
4/30/2010,-0.259818103,SPEI-3
5/31/2010,1.629275033,SPEI-3
6/30/2010,0.726836659,SPEI-3
7/31/2010,0.973669597,SPEI-3
8/31/2010,1.67772992,SPEI-3
9/30/2010,1.994595448,SPEI-3
10/31/2010,2.073789261,SPEI-3
11/30/2010,1.730294988,SPEI-3
12/31/2010,1.440527718,SPEI-3
1/31/2011,1.811275588,SPEI-3
2/28/2011,0.05133733,SPEI-3
3/31/2011,-1.250107156,SPEI-3
4/30/2011,-1.843229759,SPEI-3
5/31/2011,-1.787226408,SPEI-3
6/30/2011,-1.285057094,SPEI-3
7/31/2011,1.738356405,SPEI-3
8/31/2011,1.853158172,SPEI-3
9/30/2011,1.897365678,SPEI-3
10/31/2011,0.555346824,SPEI-3
11/30/2011,-0.11304639,SPEI-3
12/31/2011,-1.058230378,SPEI-3
1/31/2012,-0.011424474,SPEI-3
2/29/2012,1.069771547,SPEI-3
3/31/2012,-0.279022501,SPEI-3
4/30/2012,-0.759867621,SPEI-3
5/31/2012,-0.709945826,SPEI-3
6/30/2012,0.575671327,SPEI-3
7/31/2012,0.769009206,SPEI-3
8/31/2012,0.724391251,SPEI-3
9/30/2012,0.109863305,SPEI-3
10/31/2012,-0.85431801,SPEI-3
11/30/2012,-0.429058695,SPEI-3
12/31/2012,-0.06453721,SPEI-3
1/31/2013,0.530489061,SPEI-3
2/28/2013,-0.148256496,SPEI-3
3/31/2013,0.079794389,SPEI-3
4/30/2013,0.330525055,SPEI-3
5/31/2013,1.162760699,SPEI-3
6/30/2013,1.730935648,SPEI-3
7/31/2013,0.543099376,SPEI-3
8/31/2013,-0.285250667,SPEI-3
9/30/2013,-0.546934149,SPEI-3
10/31/2013,0.015489668,SPEI-3
11/30/2013,0.284604367,SPEI-3
12/31/2013,-0.094313338,SPEI-3
1/31/2014,-0.692036701,SPEI-3
2/28/2014,-2.350015796,SPEI-3
3/31/2014,-1.909891422,SPEI-3
4/30/2014,-1.032551079,SPEI-3
5/31/2014,1.054415678,SPEI-3
6/30/2014,1.49591922,SPEI-3
7/31/2014,0.79355623,SPEI-3
8/31/2014,1.02629546,SPEI-3
9/30/2014,0.801395574,SPEI-3
10/31/2014,0.985718271,SPEI-3
11/30/2014,-1.142596073,SPEI-3
12/31/2014,-0.781914406,SPEI-3
1/31/2015,-0.245367871,SPEI-3
2/28/2015,-0.022403426,SPEI-3
3/31/2015,-0.132286235,SPEI-3
4/30/2015,-0.894684807,SPEI-3
5/31/2015,-0.577255437,SPEI-3
6/30/2015,-0.681251392,SPEI-3
7/31/2015,-0.895226005,SPEI-3
8/31/2015,-1.721442721,SPEI-3
9/30/2015,-1.506452332,SPEI-3
10/31/2015,-0.586094683,SPEI-3
11/30/2015,1.211058161,SPEI-3
12/31/2015,0.684839287,SPEI-3
1/31/2016,-0.074942046,SPEI-3
2/29/2016,-0.993575617,SPEI-3
3/31/2016,-0.333506147,SPEI-3
4/30/2016,0.167558713,SPEI-3
5/31/2016,-1.188107874,SPEI-3
6/30/2016,-0.255083668,SPEI-3
7/31/2016,-0.362233576,SPEI-3
8/31/2016,0.257597371,SPEI-3
9/30/2016,-0.772614999,SPEI-3
10/31/2016,-0.439697774,SPEI-3
11/30/2016,-0.715273428,SPEI-3
12/31/2016,0.420111629,SPEI-3
1/31/2017,-0.746002224,SPEI-3
2/28/2017,-0.872952451,SPEI-3
3/31/2017,-0.803572761,SPEI-3
4/30/2017,0.154447208,SPEI-3
5/31/2017,0.091054727,SPEI-3
6/30/2017,1.142557912,SPEI-3
7/31/2017,1.239706921,SPEI-3
8/31/2017,1.18057934,SPEI-3
9/30/2017,0.560890058,SPEI-3
10/31/2017,0.264135148,SPEI-3
11/30/2017,0.727796122,SPEI-3
12/31/2017,1.164194125,SPEI-3
1/31/2018,1.278559167,SPEI-3
2/28/2018,-0.24082533,SPEI-3
3/31/2018,0.444789402,SPEI-3
4/30/2018,-0.542540889,SPEI-3
5/31/2018,-1.274285117,SPEI-3
6/30/2018,-1.925477654,SPEI-3
7/31/2018,-1.238276774,SPEI-3
8/31/2018,-1.529207655,SPEI-3
9/30/2018,-1.987078963,SPEI-3
10/31/2018,-3.492001801,SPEI-3
11/30/2018,-2.077632054,SPEI-3
12/31/2018,-1.727408197,SPEI-3
1/31/2019,-0.798816857,SPEI-3
2/28/2019,-0.628927329,SPEI-3
3/31/2019,0.1923794,SPEI-3
4/30/2019,-0.592753403,SPEI-3
5/31/2019,-0.022297069,SPEI-3
6/30/2019,-1.507446896,SPEI-3
7/31/2019,-0.259872954,SPEI-3
8/31/2019,-1.006220395,SPEI-3
9/30/2019,-0.109323915,SPEI-3
10/31/2019,-0.502882696,SPEI-3
11/30/2019,0.345217676,SPEI-3
12/31/2019,0.238498261,SPEI-3
1/31/2020,-0.799311884,SPEI-3
2/29/2020,0.600781903,SPEI-3
3/31/2020,0.312161628,SPEI-3
4/30/2020,-0.161970626,SPEI-3
5/31/2020,-1.297961212,SPEI-3
6/30/2020,-0.608422608,SPEI-3
7/31/2020,-0.468002998,SPEI-3
8/31/2020,-0.681050217,SPEI-3
9/30/2020,-0.68870443,SPEI-3
10/31/2020,0.476422053,SPEI-3
11/30/2020,0.48800022,SPEI-3
12/31/2020,0.09841043,SPEI-3
1/31/2021,-1.86591317,SPEI-3
2/28/2021,-0.378036897,SPEI-3
3/31/2021,0.301885384,SPEI-3
4/30/2021,0.717045536,SPEI-3
5/31/2021,0.723923216,SPEI-3
6/30/2021,0.203258583,SPEI-3
7/31/2021,-0.525405972,SPEI-3
8/31/2021,-0.05879147,SPEI-3
9/30/2021,0.034652806,SPEI-3
10/31/2021,-0.060060403,SPEI-3
11/30/2021,-0.798839281,SPEI-3
12/31/2021,-0.26542195,SPEI-3
1/31/2022,0.126699549,SPEI-3
2/28/2022,-0.025355506,SPEI-3
3/31/2022,-1.823854878,SPEI-3
4/30/2022,-0.719221519,SPEI-3
5/31/2022,-1.645560787,SPEI-3
6/30/2022,-0.79257273,SPEI-3
7/31/2022,-1.356955157,SPEI-3
8/31/2022,-1.45014453,SPEI-3
9/30/2022,-1.689177125,SPEI-3
10/31/2022,-0.886447203,SPEI-3
11/30/2022,-0.885587215,SPEI-3
12/31/2022,-0.653375745,SPEI-3
1/31/2023,-0.003721984,SPEI-3
2/28/2023,0.893962955,SPEI-3
3/31/2023,1.149914113,SPEI-3
4/30/2023,1.618703105,SPEI-3
5/31/2023,0.707171471,SPEI-3
6/30/2023,0.260369722,SPEI-3
7/31/2023,-0.852899074,SPEI-3
8/31/2023,0.081390241,SPEI-3
9/30/2023,-0.541398157,SPEI-3
10/31/2023,0.739241488,SPEI-3
11/30/2023,0.555214342,SPEI-3
12/31/2023,2.032335379,SPEI-3
1/31/2024,1.625123686,SPEI-3
2/29/2024,2.007208846,SPEI-3
3/31/2024,0.652126804,SPEI-3
4/30/2024,0.886034399,SPEI-3
5/31/2024,-1.036074406,SPEI-3
6/30/2024,0.232997979,SPEI-3
7/31/2024,0.476335497,SPEI-3
8/31/2024,0.467753253,SPEI-3
9/30/2024,-0.174820544,SPEI-3
10/31/2024,-1.303394358,SPEI-3
11/30/2024,-0.367023396,SPEI-3
12/31/2024,-0.015532373,SPEI-3
1/31/2000,,SPEI-12
2/29/2000,,SPEI-12
3/31/2000,,SPEI-12
4/30/2000,,SPEI-12
5/31/2000,,SPEI-12
6/30/2000,,SPEI-12
7/31/2000,,SPEI-12
8/31/2000,,SPEI-12
9/30/2000,,SPEI-12
10/31/2000,,SPEI-12
11/30/2000,,SPEI-12
12/31/2000,-0.626352357,SPEI-12
1/31/2001,-0.675268761,SPEI-12
2/28/2001,-0.877905774,SPEI-12
3/31/2001,-1.136476966,SPEI-12
4/30/2001,-0.697018007,SPEI-12
5/31/2001,-0.472670677,SPEI-12
6/30/2001,0.233463113,SPEI-12
7/31/2001,0.041589739,SPEI-12
8/31/2001,-0.171845381,SPEI-12
9/30/2001,0.507646498,SPEI-12
10/31/2001,0.640336426,SPEI-12
11/30/2001,0.631402128,SPEI-12
12/31/2001,0.69710924,SPEI-12
1/31/2002,0.694296934,SPEI-12
2/28/2002,1.058731164,SPEI-12
3/31/2002,1.05004811,SPEI-12
4/30/2002,1.122883751,SPEI-12
5/31/2002,1.659630555,SPEI-12
6/30/2002,1.562975623,SPEI-12
7/31/2002,1.614705113,SPEI-12
8/31/2002,2.189090341,SPEI-12
9/30/2002,1.726552729,SPEI-12
10/31/2002,2.003053104,SPEI-12
11/30/2002,2.116925991,SPEI-12
12/31/2002,1.978855006,SPEI-12
1/31/2003,1.915778381,SPEI-12
2/28/2003,1.717909394,SPEI-12
3/31/2003,1.592751839,SPEI-12
4/30/2003,1.177117069,SPEI-12
5/31/2003,0.943952851,SPEI-12
6/30/2003,0.851457606,SPEI-12
7/31/2003,0.950136067,SPEI-12
8/31/2003,-0.234764591,SPEI-12
9/30/2003,-0.314459469,SPEI-12
10/31/2003,-0.774089805,SPEI-12
11/30/2003,-1.035396592,SPEI-12
12/31/2003,-0.790436314,SPEI-12
1/31/2004,-0.679979277,SPEI-12
2/29/2004,-0.50824112,SPEI-12
3/31/2004,-0.472051492,SPEI-12
4/30/2004,-0.353978257,SPEI-12
5/31/2004,-0.145715519,SPEI-12
6/30/2004,0.24450842,SPEI-12
7/31/2004,0.476249247,SPEI-12
8/31/2004,0.298405058,SPEI-12
9/30/2004,0.279946594,SPEI-12
10/31/2004,0.006453087,SPEI-12
11/30/2004,0.264149719,SPEI-12
12/31/2004,0.271285186,SPEI-12
1/31/2005,0.046082439,SPEI-12
2/28/2005,0.086325947,SPEI-12
3/31/2005,0.093457003,SPEI-12
4/30/2005,-0.126985334,SPEI-12
5/31/2005,0.126866775,SPEI-12
6/30/2005,-0.166185852,SPEI-12
7/31/2005,0.062178037,SPEI-12
8/31/2005,0.38389821,SPEI-12
9/30/2005,0.396560262,SPEI-12
10/31/2005,0.459407113,SPEI-12
11/30/2005,0.062781895,SPEI-12
12/31/2005,0.298471966,SPEI-12
1/31/2006,0.286255545,SPEI-12
2/28/2006,0.147221591,SPEI-12
3/31/2006,0.460321958,SPEI-12
4/30/2006,0.725567636,SPEI-12
5/31/2006,0.396464796,SPEI-12
6/30/2006,0.072175942,SPEI-12
7/31/2006,-1.554919897,SPEI-12
8/31/2006,-1.189017981,SPEI-12
9/30/2006,-1.478332045,SPEI-12
10/31/2006,-1.527447242,SPEI-12
11/30/2006,-1.402681137,SPEI-12
12/31/2006,-1.683975581,SPEI-12
1/31/2007,-1.137313106,SPEI-12
2/28/2007,-1.040268145,SPEI-12
3/31/2007,-1.108906848,SPEI-12
4/30/2007,-1.550149262,SPEI-12
5/31/2007,-1.28986733,SPEI-12
6/30/2007,-1.103930055,SPEI-12
7/31/2007,0.344517746,SPEI-12
8/31/2007,0.398202178,SPEI-12
9/30/2007,1.02399153,SPEI-12
10/31/2007,0.925882065,SPEI-12
11/30/2007,1.014313802,SPEI-12
12/31/2007,1.105577342,SPEI-12
1/31/2008,1.093229922,SPEI-12
2/29/2008,0.907239509,SPEI-12
3/31/2008,1.07844754,SPEI-12
4/30/2008,1.681622108,SPEI-12
5/31/2008,1.251684527,SPEI-12
6/30/2008,0.938509517,SPEI-12
7/31/2008,0.209658206,SPEI-12
8/31/2008,-0.161476062,SPEI-12
9/30/2008,-0.234838039,SPEI-12
10/31/2008,0.199980459,SPEI-12
11/30/2008,-0.012548249,SPEI-12
12/31/2008,0.067608327,SPEI-12
1/31/2009,-0.438759846,SPEI-12
2/28/2009,-0.301639626,SPEI-12
3/31/2009,-0.430965195,SPEI-12
4/30/2009,-1.41788874,SPEI-12
5/31/2009,-0.629251887,SPEI-12
6/30/2009,0.339829272,SPEI-12
7/31/2009,0.920673144,SPEI-12
8/31/2009,0.415538348,SPEI-12
9/30/2009,0.262521663,SPEI-12
10/31/2009,0.385056876,SPEI-12
11/30/2009,0.631252454,SPEI-12
12/31/2009,0.770003115,SPEI-12
1/31/2010,0.809738105,SPEI-12
2/28/2010,0.710621433,SPEI-12
3/31/2010,0.702901616,SPEI-12
4/30/2010,0.88622017,SPEI-12
5/31/2010,1.273613055,SPEI-12
6/30/2010,0.501368094,SPEI-12
7/31/2010,0.598142527,SPEI-12
8/31/2010,1.847635206,SPEI-12
9/30/2010,2.023497745,SPEI-12
10/31/2010,1.849576421,SPEI-12
11/30/2010,2.000583717,SPEI-12
12/31/2010,2.015595224,SPEI-12
1/31/2011,1.873171737,SPEI-12
2/28/2011,1.997638104,SPEI-12
3/31/2011,1.951391435,SPEI-12
4/30/2011,1.840014295,SPEI-12
5/31/2011,1.459913218,SPEI-12
6/30/2011,1.797082283,SPEI-12
7/31/2011,2.222720653,SPEI-12
8/31/2011,1.399539651,SPEI-12
9/30/2011,1.350003039,SPEI-12
10/31/2011,1.366250518,SPEI-12
11/30/2011,0.647309228,SPEI-12
12/31/2011,0.706084216,SPEI-12
1/31/2012,0.90157494,SPEI-12
2/29/2012,0.908294331,SPEI-12
3/31/2012,0.966086698,SPEI-12
4/30/2012,1.040638984,SPEI-12
5/31/2012,1.488560744,SPEI-12
6/30/2012,1.813390471,SPEI-12
7/31/2012,0.50041147,SPEI-12
8/31/2012,0.342064954,SPEI-12
9/30/2012,-0.17675248,SPEI-12
10/31/2012,-0.238108656,SPEI-12
11/30/2012,0.200099013,SPEI-12
12/31/2012,0.018806508,SPEI-12
1/31/2013,-0.031462754,SPEI-12
2/28/2013,-0.036302034,SPEI-12
3/31/2013,0.18029898,SPEI-12
4/30/2013,0.180712648,SPEI-12
5/31/2013,0.736303037,SPEI-12
6/30/2013,0.727330809,SPEI-12
7/31/2013,0.032179743,SPEI-12
8/31/2013,-0.007069222,SPEI-12
9/30/2013,0.303839163,SPEI-12
10/31/2013,0.375351058,SPEI-12
11/30/2013,0.245114807,SPEI-12
12/31/2013,0.249998186,SPEI-12
1/31/2014,0.190892998,SPEI-12
2/28/2014,-0.042524676,SPEI-12
3/31/2014,-0.164860803,SPEI-12
4/30/2014,-0.150374889,SPEI-12
5/31/2014,-0.191594609,SPEI-12
6/30/2014,-0.50388637,SPEI-12
7/31/2014,0.001971584,SPEI-12
8/31/2014,0.729716928,SPEI-12
9/30/2014,0.542805236,SPEI-12
10/31/2014,0.541930499,SPEI-12
11/30/2014,0.190290831,SPEI-12
12/31/2014,0.348612574,SPEI-12
1/31/2015,0.621043076,SPEI-12
2/28/2015,0.598645627,SPEI-12
3/31/2015,0.804231081,SPEI-12
4/30/2015,0.62787158,SPEI-12
5/31/2015,-0.069876706,SPEI-12
6/30/2015,-0.21049856,SPEI-12
7/31/2015,-0.531784001,SPEI-12
8/31/2015,-1.840919172,SPEI-12
9/30/2015,-1.492296253,SPEI-12
10/31/2015,-1.325577192,SPEI-12
11/30/2015,-0.825324495,SPEI-12
12/31/2015,-0.981281155,SPEI-12
1/31/2016,-1.167597038,SPEI-12
2/29/2016,-0.976085793,SPEI-12
3/31/2016,-1.074258454,SPEI-12
4/30/2016,-0.948085826,SPEI-12
5/31/2016,-1.43580616,SPEI-12
6/30/2016,-1.213649985,SPEI-12
7/31/2016,-0.798209471,SPEI-12
8/31/2016,-0.055484568,SPEI-12
9/30/2016,-0.570667601,SPEI-12
10/31/2016,-0.615990379,SPEI-12
11/30/2016,-0.851565346,SPEI-12
12/31/2016,-0.642799522,SPEI-12
1/31/2017,-0.625324941,SPEI-12
2/28/2017,-0.801675137,SPEI-12
3/31/2017,-0.756636224,SPEI-12
4/30/2017,-0.6679115,SPEI-12
5/31/2017,-0.440434309,SPEI-12
6/30/2017,-0.304639709,SPEI-12
7/31/2017,0.42766248,SPEI-12
8/31/2017,0.347642237,SPEI-12
9/30/2017,0.590941607,SPEI-12
10/31/2017,0.661218241,SPEI-12
11/30/2017,0.817565042,SPEI-12
12/31/2017,0.795366949,SPEI-12
1/31/2018,1.009724118,SPEI-12
2/28/2018,0.944484318,SPEI-12
3/31/2018,1.107282296,SPEI-12
4/30/2018,0.896602078,SPEI-12
5/31/2018,0.57252818,SPEI-12
6/30/2018,-0.391953876,SPEI-12
7/31/2018,-0.85045757,SPEI-12
8/31/2018,-1.328407768,SPEI-12
9/30/2018,-1.610666032,SPEI-12
10/31/2018,-2.003697281,SPEI-12
11/30/2018,-2.165338352,SPEI-12
12/31/2018,-2.092065282,SPEI-12
1/31/2019,-2.382771472,SPEI-12
2/28/2019,-2.364774536,SPEI-12
3/31/2019,-2.460884787,SPEI-12
4/30/2019,-2.262437405,SPEI-12
5/31/2019,-2.113107742,SPEI-12
6/30/2019,-2.638096528,SPEI-12
7/31/2019,-2.369808604,SPEI-12
8/31/2019,-1.711039319,SPEI-12
9/30/2019,-1.35751997,SPEI-12
10/31/2019,-0.906909676,SPEI-12
11/30/2019,-0.705122833,SPEI-12
12/31/2019,-0.831889823,SPEI-12
1/31/2020,-0.781972362,SPEI-12
2/29/2020,-0.401148132,SPEI-12
3/31/2020,-0.810166291,SPEI-12
4/30/2020,-0.720944635,SPEI-12
5/31/2020,-1.11312033,SPEI-12
6/30/2020,-0.53307098,SPEI-12
7/31/2020,-1.137424053,SPEI-12
8/31/2020,-0.794094541,SPEI-12
9/30/2020,-0.671946603,SPEI-12
10/31/2020,-0.455040818,SPEI-12
11/30/2020,-0.687222715,SPEI-12
12/31/2020,-0.682148947,SPEI-12
1/31/2021,-0.526078408,SPEI-12
2/28/2021,-0.865731832,SPEI-12
3/31/2021,-0.678925369,SPEI-12
4/30/2021,-0.294776483,SPEI-12
5/31/2021,-0.162530944,SPEI-12
6/30/2021,-0.532247375,SPEI-12
7/31/2021,-0.438935642,SPEI-12
8/31/2021,0.253325288,SPEI-12
9/30/2021,0.053513643,SPEI-12
10/31/2021,-0.679776061,SPEI-12
11/30/2021,-0.252849546,SPEI-12
12/31/2021,-0.072974222,SPEI-12
1/31/2022,-0.210997511,SPEI-12
2/28/2022,-0.125796251,SPEI-12
3/31/2022,-0.571400907,SPEI-12
4/30/2022,-0.64823107,SPEI-12
5/31/2022,-1.294269581,SPEI-12
6/30/2022,-1.403902181,SPEI-12
7/31/2022,-1.64677014,SPEI-12
8/31/2022,-1.96591737,SPEI-12
9/30/2022,-1.935476827,SPEI-12
10/31/2022,-1.665384765,SPEI-12
11/30/2022,-1.837027995,SPEI-12
12/31/2022,-1.779125552,SPEI-12
1/31/2023,-1.57923574,SPEI-12
2/28/2023,-1.702402839,SPEI-12
3/31/2023,-1.126118123,SPEI-12
4/30/2023,-0.665294096,SPEI-12
5/31/2023,-0.981195662,SPEI-12
6/30/2023,-0.934651404,SPEI-12
7/31/2023,-0.398212286,SPEI-12
8/31/2023,0.097931059,SPEI-12
9/30/2023,-0.145486413,SPEI-12
10/31/2023,0.437115905,SPEI-12
11/30/2023,0.595994852,SPEI-12
12/31/2023,0.927319402,SPEI-12
1/31/2024,0.8401533,SPEI-12
2/29/2024,1.040624624,SPEI-12
3/31/2024,0.859662978,SPEI-12
4/30/2024,0.4434839,SPEI-12
5/31/2024,0.556690327,SPEI-12
6/30/2024,0.97817089,SPEI-12
7/31/2024,1.268849244,SPEI-12
8/31/2024,0.720697831,SPEI-12
9/30/2024,0.974686702,SPEI-12
10/31/2024,0.367538024,SPEI-12
11/30/2024,0.350293771,SPEI-12
12/31/2024,-0.016165227,SPEI-12
1/31/2000,-0.661548673,SSMI Upper (Forest)
2/29/2000,0.573816946,SSMI Upper (Forest)
3/31/2000,1.821418844,SSMI Upper (Forest)
4/30/2000,0.876242746,SSMI Upper (Forest)
5/31/2000,-2.089183339,SSMI Upper (Forest)
6/30/2000,-2.073288087,SSMI Upper (Forest)
7/31/2000,-1.563506274,SSMI Upper (Forest)
8/31/2000,-0.196106494,SSMI Upper (Forest)
9/30/2000,1.298185487,SSMI Upper (Forest)
10/31/2000,-0.67031124,SSMI Upper (Forest)
11/30/2000,-1.358996374,SSMI Upper (Forest)
12/31/2000,0.056904954,SSMI Upper (Forest)
1/31/2001,-0.218686689,SSMI Upper (Forest)
2/28/2001,0.564074575,SSMI Upper (Forest)
3/31/2001,0.904678298,SSMI Upper (Forest)
4/30/2001,1.23771965,SSMI Upper (Forest)
5/31/2001,0.421377369,SSMI Upper (Forest)
6/30/2001,0.707467867,SSMI Upper (Forest)
7/31/2001,-0.99097304,SSMI Upper (Forest)
8/31/2001,-0.910279623,SSMI Upper (Forest)
9/30/2001,1.571124711,SSMI Upper (Forest)
10/31/2001,1.149279754,SSMI Upper (Forest)
11/30/2001,0.15038387,SSMI Upper (Forest)
12/31/2001,0.549488469,SSMI Upper (Forest)
1/31/2002,0.044421186,SSMI Upper (Forest)
2/28/2002,1.214098423,SSMI Upper (Forest)
3/31/2002,1.166379991,SSMI Upper (Forest)
4/30/2002,0.882969101,SSMI Upper (Forest)
5/31/2002,1.44896495,SSMI Upper (Forest)
6/30/2002,0.583582509,SSMI Upper (Forest)
7/31/2002,0.308849037,SSMI Upper (Forest)
8/31/2002,1.281879277,SSMI Upper (Forest)
9/30/2002,-0.053158141,SSMI Upper (Forest)
10/31/2002,1.017572534,SSMI Upper (Forest)
11/30/2002,1.000838228,SSMI Upper (Forest)
12/31/2002,0.134593393,SSMI Upper (Forest)
1/31/2003,0.181999439,SSMI Upper (Forest)
2/28/2003,-0.835126299,SSMI Upper (Forest)
3/31/2003,-0.657021862,SSMI Upper (Forest)
4/30/2003,-0.619444358,SSMI Upper (Forest)
5/31/2003,-0.809876759,SSMI Upper (Forest)
6/30/2003,-0.260506202,SSMI Upper (Forest)
7/31/2003,0.138243277,SSMI Upper (Forest)
8/31/2003,-0.543996347,SSMI Upper (Forest)
9/30/2003,0.104151606,SSMI Upper (Forest)
10/31/2003,0.375173819,SSMI Upper (Forest)
11/30/2003,-0.235758669,SSMI Upper (Forest)
12/31/2003,0.034046806,SSMI Upper (Forest)
1/31/2004,0.456635494,SSMI Upper (Forest)
2/29/2004,-0.940817093,SSMI Upper (Forest)
3/31/2004,-1.256685909,SSMI Upper (Forest)
4/30/2004,0.033927662,SSMI Upper (Forest)
5/31/2004,0.481252365,SSMI Upper (Forest)
6/30/2004,0.459343365,SSMI Upper (Forest)
7/31/2004,1.17921302,SSMI Upper (Forest)
8/31/2004,-0.227926656,SSMI Upper (Forest)
9/30/2004,-0.184888531,SSMI Upper (Forest)
10/31/2004,-0.425352171,SSMI Upper (Forest)
11/30/2004,0.763968559,SSMI Upper (Forest)
12/31/2004,-0.310678415,SSMI Upper (Forest)
1/31/2005,-0.923864866,SSMI Upper (Forest)
2/28/2005,0.369712809,SSMI Upper (Forest)
3/31/2005,-0.137137495,SSMI Upper (Forest)
4/30/2005,-1.275832056,SSMI Upper (Forest)
5/31/2005,1.184102494,SSMI Upper (Forest)
6/30/2005,0.143689364,SSMI Upper (Forest)
7/31/2005,0.689103134,SSMI Upper (Forest)
8/31/2005,0.859845651,SSMI Upper (Forest)
9/30/2005,-0.244205047,SSMI Upper (Forest)
10/31/2005,-0.294135124,SSMI Upper (Forest)
11/30/2005,-0.240214522,SSMI Upper (Forest)
12/31/2005,-0.237257652,SSMI Upper (Forest)
1/31/2006,0.089032158,SSMI Upper (Forest)
2/28/2006,0.205211011,SSMI Upper (Forest)
3/31/2006,0.231572435,SSMI Upper (Forest)
4/30/2006,1.146167071,SSMI Upper (Forest)
5/31/2006,0.226482849,SSMI Upper (Forest)
6/30/2006,0.171504265,SSMI Upper (Forest)
7/31/2006,-2.395306983,SSMI Upper (Forest)
8/31/2006,-0.035709747,SSMI Upper (Forest)
9/30/2006,-0.198623389,SSMI Upper (Forest)
10/31/2006,-1.920870914,SSMI Upper (Forest)
11/30/2006,-0.740654793,SSMI Upper (Forest)
12/31/2006,-2.393179742,SSMI Upper (Forest)
1/31/2007,0.891867967,SSMI Upper (Forest)
2/28/2007,1.924199586,SSMI Upper (Forest)
3/31/2007,1.054997687,SSMI Upper (Forest)
4/30/2007,-1.465284169,SSMI Upper (Forest)
5/31/2007,1.050722504,SSMI Upper (Forest)
6/30/2007,0.428873128,SSMI Upper (Forest)
7/31/2007,0.914028135,SSMI Upper (Forest)
8/31/2007,1.073381765,SSMI Upper (Forest)
9/30/2007,1.357132659,SSMI Upper (Forest)
10/31/2007,-0.043708071,SSMI Upper (Forest)
11/30/2007,0.237162185,SSMI Upper (Forest)
12/31/2007,1.102151409,SSMI Upper (Forest)
1/31/2008,0.658749319,SSMI Upper (Forest)
2/29/2008,-1.229717668,SSMI Upper (Forest)
3/31/2008,0.92716248,SSMI Upper (Forest)
4/30/2008,1.72495256,SSMI Upper (Forest)
5/31/2008,-0.891031386,SSMI Upper (Forest)
6/30/2008,-1.915962771,SSMI Upper (Forest)
7/31/2008,-0.732242805,SSMI Upper (Forest)
8/31/2008,0.043936126,SSMI Upper (Forest)
9/30/2008,0.68361656,SSMI Upper (Forest)
10/31/2008,0.507479675,SSMI Upper (Forest)
11/30/2008,0.410650235,SSMI Upper (Forest)
12/31/2008,-0.356320577,SSMI Upper (Forest)
1/31/2009,-1.401501022,SSMI Upper (Forest)
2/28/2009,-0.22200355,SSMI Upper (Forest)
3/31/2009,0.799755412,SSMI Upper (Forest)
4/30/2009,-0.934917465,SSMI Upper (Forest)
5/31/2009,0.540940955,SSMI Upper (Forest)
6/30/2009,1.707287076,SSMI Upper (Forest)
7/31/2009,1.093502025,SSMI Upper (Forest)
8/31/2009,-0.612965597,SSMI Upper (Forest)
9/30/2009,-0.82793666,SSMI Upper (Forest)
10/31/2009,0.74445208,SSMI Upper (Forest)
11/30/2009,1.017819941,SSMI Upper (Forest)
12/31/2009,0.986519521,SSMI Upper (Forest)
1/31/2010,0.163709152,SSMI Upper (Forest)
2/28/2010,-0.585461756,SSMI Upper (Forest)
3/31/2010,-0.232359997,SSMI Upper (Forest)
4/30/2010,-0.124122062,SSMI Upper (Forest)
5/31/2010,1.773624259,SSMI Upper (Forest)
6/30/2010,0.13206767,SSMI Upper (Forest)
7/31/2010,0.204966948,SSMI Upper (Forest)
8/31/2010,1.979417446,SSMI Upper (Forest)
9/30/2010,1.61161495,SSMI Upper (Forest)
10/31/2010,0.899045795,SSMI Upper (Forest)
11/30/2010,1.373118059,SSMI Upper (Forest)
12/31/2010,0.4530196,SSMI Upper (Forest)
1/31/2011,-1.044437945,SSMI Upper (Forest)
2/28/2011,0.492665928,SSMI Upper (Forest)
3/31/2011,-1.637323199,SSMI Upper (Forest)
4/30/2011,-0.999550047,SSMI Upper (Forest)
5/31/2011,-1.097458601,SSMI Upper (Forest)
6/30/2011,-0.472178477,SSMI Upper (Forest)
7/31/2011,1.547839911,SSMI Upper (Forest)
8/31/2011,1.074738015,SSMI Upper (Forest)
9/30/2011,1.797849849,SSMI Upper (Forest)
10/31/2011,0.396348358,SSMI Upper (Forest)
11/30/2011,-1.614456287,SSMI Upper (Forest)
12/31/2011,-0.950690192,SSMI Upper (Forest)
1/31/2012,1.981674234,SSMI Upper (Forest)
2/29/2012,-0.125924497,SSMI Upper (Forest)
3/31/2012,-1.084049202,SSMI Upper (Forest)
4/30/2012,0.600714648,SSMI Upper (Forest)
5/31/2012,0.268788652,SSMI Upper (Forest)
6/30/2012,0.555473545,SSMI Upper (Forest)
7/31/2012,1.280779657,SSMI Upper (Forest)
8/31/2012,-0.365127446,SSMI Upper (Forest)
9/30/2012,-0.577717429,SSMI Upper (Forest)
10/31/2012,-0.60909043,SSMI Upper (Forest)
11/30/2012,-0.451532161,SSMI Upper (Forest)
12/31/2012,0.209852734,SSMI Upper (Forest)
1/31/2013,-0.236775119,SSMI Upper (Forest)
2/28/2013,0.333993918,SSMI Upper (Forest)
3/31/2013,0.458068002,SSMI Upper (Forest)
4/30/2013,0.516480626,SSMI Upper (Forest)
5/31/2013,0.281542847,SSMI Upper (Forest)
6/30/2013,1.728769625,SSMI Upper (Forest)
7/31/2013,-0.688345278,SSMI Upper (Forest)
8/31/2013,0.168639732,SSMI Upper (Forest)
9/30/2013,-0.013221179,SSMI Upper (Forest)
10/31/2013,0.263052912,SSMI Upper (Forest)
11/30/2013,0.66847701,SSMI Upper (Forest)
12/31/2013,0.110670884,SSMI Upper (Forest)
1/31/2014,-0.884635303,SSMI Upper (Forest)
2/28/2014,-2.312162229,SSMI Upper (Forest)
3/31/2014,-1.798520109,SSMI Upper (Forest)
4/30/2014,0.360787893,SSMI Upper (Forest)
5/31/2014,1.459194277,SSMI Upper (Forest)
6/30/2014,1.136795401,SSMI Upper (Forest)
7/31/2014,-0.147198161,SSMI Upper (Forest)
8/31/2014,0.999192722,SSMI Upper (Forest)
9/30/2014,-0.452984148,SSMI Upper (Forest)
10/31/2014,-0.505071935,SSMI Upper (Forest)
11/30/2014,-0.31551387,SSMI Upper (Forest)
12/31/2014,-0.542904753,SSMI Upper (Forest)
1/31/2015,0.901676529,SSMI Upper (Forest)
2/28/2015,-1.400019342,SSMI Upper (Forest)
3/31/2015,-0.370096983,SSMI Upper (Forest)
4/30/2015,-0.256511108,SSMI Upper (Forest)
5/31/2015,-0.131372356,SSMI Upper (Forest)
6/30/2015,-0.451349715,SSMI Upper (Forest)
7/31/2015,-0.254907049,SSMI Upper (Forest)
8/31/2015,-1.936822149,SSMI Upper (Forest)
9/30/2015,0.489096494,SSMI Upper (Forest)
10/31/2015,0.175676247,SSMI Upper (Forest)
11/30/2015,0.520073045,SSMI Upper (Forest)
12/31/2015,-0.077054043,SSMI Upper (Forest)
1/31/2016,-0.664449197,SSMI Upper (Forest)
2/29/2016,-0.791656575,SSMI Upper (Forest)
3/31/2016,-0.451011994,SSMI Upper (Forest)
4/30/2016,-0.113864101,SSMI Upper (Forest)
5/31/2016,-1.298755418,SSMI Upper (Forest)
6/30/2016,0.722665787,SSMI Upper (Forest)
7/31/2016,-0.119607707,SSMI Upper (Forest)
8/31/2016,0.211040371,SSMI Upper (Forest)
9/30/2016,-1.120058203,SSMI Upper (Forest)
10/31/2016,0.195934725,SSMI Upper (Forest)
11/30/2016,0.782779112,SSMI Upper (Forest)
12/31/2016,1.529193705,SSMI Upper (Forest)
1/31/2017,-0.831086965,SSMI Upper (Forest)
2/28/2017,-0.610299766,SSMI Upper (Forest)
3/31/2017,0.889287506,SSMI Upper (Forest)
4/30/2017,0.034700443,SSMI Upper (Forest)
5/31/2017,0.510286305,SSMI Upper (Forest)
6/30/2017,0.476122359,SSMI Upper (Forest)
7/31/2017,1.554957952,SSMI Upper (Forest)
8/31/2017,0.742507524,SSMI Upper (Forest)
9/30/2017,-0.71772431,SSMI Upper (Forest)
10/31/2017,0.129920416,SSMI Upper (Forest)
11/30/2017,0.98961537,SSMI Upper (Forest)
12/31/2017,0.234967739,SSMI Upper (Forest)
1/31/2018,2.153087392,SSMI Upper (Forest)
2/28/2018,-0.503532608,SSMI Upper (Forest)
3/31/2018,0.181944333,SSMI Upper (Forest)
4/30/2018,0.049726085,SSMI Upper (Forest)
5/31/2018,-0.974864215,SSMI Upper (Forest)
6/30/2018,-1.802998945,SSMI Upper (Forest)
7/31/2018,-0.299326101,SSMI Upper (Forest)
8/31/2018,-2.078489123,SSMI Upper (Forest)
9/30/2018,-2.595420782,SSMI Upper (Forest)
10/31/2018,-3.294923545,SSMI Upper (Forest)
11/30/2018,-2.978771683,SSMI Upper (Forest)
12/31/2018,-0.71058059,SSMI Upper (Forest)
1/31/2019,-0.138084248,SSMI Upper (Forest)
2/28/2019,-0.882478191,SSMI Upper (Forest)
3/31/2019,0.58787247,SSMI Upper (Forest)
4/30/2019,-1.081137458,SSMI Upper (Forest)
5/31/2019,0.006774342,SSMI Upper (Forest)
6/30/2019,-0.507641769,SSMI Upper (Forest)
7/31/2019,-0.446949809,SSMI Upper (Forest)
8/31/2019,0.072331696,SSMI Upper (Forest)
9/30/2019,-1.083471879,SSMI Upper (Forest)
10/31/2019,1.233171237,SSMI Upper (Forest)
11/30/2019,0.313714094,SSMI Upper (Forest)
12/31/2019,-0.369416662,SSMI Upper (Forest)
1/31/2020,-1.222664376,SSMI Upper (Forest)
2/29/2020,0.628299756,SSMI Upper (Forest)
3/31/2020,-0.393214639,SSMI Upper (Forest)
4/30/2020,-2.36672119,SSMI Upper (Forest)
5/31/2020,-0.56117674,SSMI Upper (Forest)
6/30/2020,-0.138894316,SSMI Upper (Forest)
7/31/2020,-0.345100764,SSMI Upper (Forest)
8/31/2020,-1.482661487,SSMI Upper (Forest)
9/30/2020,0.168290697,SSMI Upper (Forest)
10/31/2020,1.316704009,SSMI Upper (Forest)
11/30/2020,0.506415088,SSMI Upper (Forest)
12/31/2020,-2.86151921,SSMI Upper (Forest)
1/31/2021,0.433390976,SSMI Upper (Forest)
2/28/2021,0.38023404,SSMI Upper (Forest)
3/31/2021,0.278577345,SSMI Upper (Forest)
4/30/2021,0.473419766,SSMI Upper (Forest)
5/31/2021,1.023508763,SSMI Upper (Forest)
6/30/2021,-1.538948149,SSMI Upper (Forest)
7/31/2021,0.380467577,SSMI Upper (Forest)
8/31/2021,0.042987281,SSMI Upper (Forest)
9/30/2021,0.613001856,SSMI Upper (Forest)
10/31/2021,-0.815815754,SSMI Upper (Forest)
11/30/2021,0.417455304,SSMI Upper (Forest)
12/31/2021,0.377784302,SSMI Upper (Forest)
1/31/2022,-1.799562561,SSMI Upper (Forest)
2/28/2022,0.729216872,SSMI Upper (Forest)
3/31/2022,-2.163767063,SSMI Upper (Forest)
4/30/2022,-0.856610654,SSMI Upper (Forest)
5/31/2022,-1.220590442,SSMI Upper (Forest)
6/30/2022,0.029513236,SSMI Upper (Forest)
7/31/2022,-1.551042316,SSMI Upper (Forest)
8/31/2022,-1.318916398,SSMI Upper (Forest)
9/30/2022,-0.415708572,SSMI Upper (Forest)
10/31/2022,-0.214221559,SSMI Upper (Forest)
11/30/2022,-0.743299565,SSMI Upper (Forest)
12/31/2022,0.453470878,SSMI Upper (Forest)
1/31/2023,0.457494619,SSMI Upper (Forest)
2/28/2023,1.229623789,SSMI Upper (Forest)
3/31/2023,1.007300366,SSMI Upper (Forest)
4/30/2023,1.660319833,SSMI Upper (Forest)
5/31/2023,-0.524328808,SSMI Upper (Forest)
6/30/2023,-0.61340827,SSMI Upper (Forest)
7/31/2023,-0.643974283,SSMI Upper (Forest)
8/31/2023,1.001611959,SSMI Upper (Forest)
9/30/2023,-0.349700249,SSMI Upper (Forest)
10/31/2023,0.779892765,SSMI Upper (Forest)
11/30/2023,0.88177408,SSMI Upper (Forest)
12/31/2023,1.529556925,SSMI Upper (Forest)
1/31/2024,1.61307295,SSMI Upper (Forest)
2/29/2024,1.794299656,SSMI Upper (Forest)
3/31/2024,-0.123156061,SSMI Upper (Forest)
4/30/2024,0.511345133,SSMI Upper (Forest)
5/31/2024,-1.074983031,SSMI Upper (Forest)
6/30/2024,0.852727048,SSMI Upper (Forest)
7/31/2024,0.926115658,SSMI Upper (Forest)
8/31/2024,0.198162959,SSMI Upper (Forest)
9/30/2024,-0.849224281,SSMI Upper (Forest)
10/31/2024,-0.338017588,SSMI Upper (Forest)
11/30/2024,-1.3369583,SSMI Upper (Forest)
12/31/2024,1.050430857,SSMI Upper (Forest)
1/31/2000,-1.061255548,SSMI Deeper (Forest)
2/29/2000,-0.494763364,SSMI Deeper (Forest)
3/31/2000,-0.003109148,SSMI Deeper (Forest)
4/30/2000,0.956218481,SSMI Deeper (Forest)
5/31/2000,0.265954973,SSMI Deeper (Forest)
6/30/2000,-1.007692191,SSMI Deeper (Forest)
7/31/2000,-1.517109507,SSMI Deeper (Forest)
8/31/2000,-1.293173946,SSMI Deeper (Forest)
9/30/2000,-0.918224868,SSMI Deeper (Forest)
10/31/2000,-0.689961735,SSMI Deeper (Forest)
11/30/2000,-0.836732427,SSMI Deeper (Forest)
12/31/2000,-1.017593903,SSMI Deeper (Forest)
1/31/2001,-1.106211533,SSMI Deeper (Forest)
2/28/2001,-1.293216226,SSMI Deeper (Forest)
3/31/2001,-1.347930466,SSMI Deeper (Forest)
4/30/2001,-0.521884953,SSMI Deeper (Forest)
5/31/2001,0.001110557,SSMI Deeper (Forest)
6/30/2001,0.301591121,SSMI Deeper (Forest)
7/31/2001,-0.141141327,SSMI Deeper (Forest)
8/31/2001,-0.641751902,SSMI Deeper (Forest)
9/30/2001,-0.060466118,SSMI Deeper (Forest)
10/31/2001,1.077246628,SSMI Deeper (Forest)
11/30/2001,0.800995125,SSMI Deeper (Forest)
12/31/2001,0.600351696,SSMI Deeper (Forest)
1/31/2002,0.500049802,SSMI Deeper (Forest)
2/28/2002,0.586609271,SSMI Deeper (Forest)
3/31/2002,1.834381409,SSMI Deeper (Forest)
4/30/2002,2.058274406,SSMI Deeper (Forest)
5/31/2002,2.193924687,SSMI Deeper (Forest)
6/30/2002,2.044207306,SSMI Deeper (Forest)
7/31/2002,1.114386904,SSMI Deeper (Forest)
8/31/2002,1.003545145,SSMI Deeper (Forest)
9/30/2002,1.198356088,SSMI Deeper (Forest)
10/31/2002,1.388646444,SSMI Deeper (Forest)
11/30/2002,1.533822074,SSMI Deeper (Forest)
12/31/2002,1.431867922,SSMI Deeper (Forest)
1/31/2003,1.557202066,SSMI Deeper (Forest)
2/28/2003,1.300878284,SSMI Deeper (Forest)
3/31/2003,1.062728101,SSMI Deeper (Forest)
4/30/2003,0.649754905,SSMI Deeper (Forest)
5/31/2003,-0.394507354,SSMI Deeper (Forest)
6/30/2003,-0.855746907,SSMI Deeper (Forest)
7/31/2003,-0.933861071,SSMI Deeper (Forest)
8/31/2003,-0.711458202,SSMI Deeper (Forest)
9/30/2003,-0.626903481,SSMI Deeper (Forest)
10/31/2003,-0.4570605,SSMI Deeper (Forest)
11/30/2003,-0.480533609,SSMI Deeper (Forest)
12/31/2003,-0.205310571,SSMI Deeper (Forest)
1/31/2004,0.0797839,SSMI Deeper (Forest)
2/29/2004,0.738489864,SSMI Deeper (Forest)
3/31/2004,0.486321495,SSMI Deeper (Forest)
4/30/2004,0.210493575,SSMI Deeper (Forest)
5/31/2004,0.079065245,SSMI Deeper (Forest)
6/30/2004,0.111933513,SSMI Deeper (Forest)
7/31/2004,0.554124267,SSMI Deeper (Forest)
8/31/2004,0.222438718,SSMI Deeper (Forest)
9/30/2004,-0.091308837,SSMI Deeper (Forest)
10/31/2004,-0.379201227,SSMI Deeper (Forest)
11/30/2004,-0.422365982,SSMI Deeper (Forest)
12/31/2004,-0.079160474,SSMI Deeper (Forest)
1/31/2005,0.003780506,SSMI Deeper (Forest)
2/28/2005,-0.262266617,SSMI Deeper (Forest)
3/31/2005,-0.19840796,SSMI Deeper (Forest)
4/30/2005,-0.404711858,SSMI Deeper (Forest)
5/31/2005,-0.055168678,SSMI Deeper (Forest)
6/30/2005,0.499623955,SSMI Deeper (Forest)
7/31/2005,0.536783088,SSMI Deeper (Forest)
8/31/2005,0.883315829,SSMI Deeper (Forest)
9/30/2005,0.716135645,SSMI Deeper (Forest)
10/31/2005,0.418431406,SSMI Deeper (Forest)
11/30/2005,0.145989849,SSMI Deeper (Forest)
12/31/2005,-0.017350911,SSMI Deeper (Forest)
1/31/2006,0.037779835,SSMI Deeper (Forest)
2/28/2006,-0.21005604,SSMI Deeper (Forest)
3/31/2006,-0.510845616,SSMI Deeper (Forest)
4/30/2006,-0.411217515,SSMI Deeper (Forest)
5/31/2006,-0.443493913,SSMI Deeper (Forest)
6/30/2006,-0.351165585,SSMI Deeper (Forest)
7/31/2006,-1.223399459,SSMI Deeper (Forest)
8/31/2006,-1.344967457,SSMI Deeper (Forest)
9/30/2006,-1.226655835,SSMI Deeper (Forest)
10/31/2006,-1.562348255,SSMI Deeper (Forest)
11/30/2006,-1.791678794,SSMI Deeper (Forest)
12/31/2006,-2.102366743,SSMI Deeper (Forest)
1/31/2007,-1.825058444,SSMI Deeper (Forest)
2/28/2007,-0.469663074,SSMI Deeper (Forest)
3/31/2007,0.062011244,SSMI Deeper (Forest)
4/30/2007,0.251183411,SSMI Deeper (Forest)
5/31/2007,1.269528197,SSMI Deeper (Forest)
6/30/2007,1.968398728,SSMI Deeper (Forest)
7/31/2007,1.283063935,SSMI Deeper (Forest)
8/31/2007,0.629163317,SSMI Deeper (Forest)
9/30/2007,1.099883487,SSMI Deeper (Forest)
10/31/2007,1.165398344,SSMI Deeper (Forest)
11/30/2007,0.817292115,SSMI Deeper (Forest)
12/31/2007,0.692833526,SSMI Deeper (Forest)
1/31/2008,0.95085979,SSMI Deeper (Forest)
2/29/2008,1.666237843,SSMI Deeper (Forest)
3/31/2008,1.432054724,SSMI Deeper (Forest)
4/30/2008,1.961316057,SSMI Deeper (Forest)
5/31/2008,2.399925062,SSMI Deeper (Forest)
6/30/2008,0.674640974,SSMI Deeper (Forest)
7/31/2008,-0.368244956,SSMI Deeper (Forest)
8/31/2008,-0.778552926,SSMI Deeper (Forest)
9/30/2008,-0.531681895,SSMI Deeper (Forest)
10/31/2008,-0.362632516,SSMI Deeper (Forest)
11/30/2008,0.005324366,SSMI Deeper (Forest)
12/31/2008,0.153509513,SSMI Deeper (Forest)
1/31/2009,-0.145775678,SSMI Deeper (Forest)
2/28/2009,-0.711131896,SSMI Deeper (Forest)
3/31/2009,-0.720223058,SSMI Deeper (Forest)
4/30/2009,-0.806836335,SSMI Deeper (Forest)
5/31/2009,-1.075295297,SSMI Deeper (Forest)
6/30/2009,0.779903659,SSMI Deeper (Forest)
7/31/2009,1.667099799,SSMI Deeper (Forest)
8/31/2009,0.72392102,SSMI Deeper (Forest)
9/30/2009,0.291525555,SSMI Deeper (Forest)
10/31/2009,0.326851718,SSMI Deeper (Forest)
11/30/2009,0.743192138,SSMI Deeper (Forest)
12/31/2009,0.828362845,SSMI Deeper (Forest)
1/31/2010,0.830502246,SSMI Deeper (Forest)
2/28/2010,0.374387256,SSMI Deeper (Forest)
3/31/2010,-0.118211131,SSMI Deeper (Forest)
4/30/2010,-0.450338422,SSMI Deeper (Forest)
5/31/2010,0.482181655,SSMI Deeper (Forest)
6/30/2010,1.821458125,SSMI Deeper (Forest)
7/31/2010,0.854312233,SSMI Deeper (Forest)
8/31/2010,2.079347659,SSMI Deeper (Forest)
9/30/2010,2.440312023,SSMI Deeper (Forest)
10/31/2010,2.300713054,SSMI Deeper (Forest)
11/30/2010,2.101703751,SSMI Deeper (Forest)
12/31/2010,1.890462774,SSMI Deeper (Forest)
1/31/2011,1.633011766,SSMI Deeper (Forest)
2/28/2011,1.440396485,SSMI Deeper (Forest)
3/31/2011,1.535812829,SSMI Deeper (Forest)
4/30/2011,1.128119206,SSMI Deeper (Forest)
5/31/2011,0.290831857,SSMI Deeper (Forest)
6/30/2011,-0.716060446,SSMI Deeper (Forest)
7/31/2011,0.62859497,SSMI Deeper (Forest)
8/31/2011,1.911508676,SSMI Deeper (Forest)
9/30/2011,1.829429605,SSMI Deeper (Forest)
10/31/2011,1.805269749,SSMI Deeper (Forest)
11/30/2011,1.42537208,SSMI Deeper (Forest)
12/31/2011,1.0820963,SSMI Deeper (Forest)
1/31/2012,1.147156358,SSMI Deeper (Forest)
2/29/2012,1.109638847,SSMI Deeper (Forest)
3/31/2012,0.614571766,SSMI Deeper (Forest)
4/30/2012,0.132489708,SSMI Deeper (Forest)
5/31/2012,0.122751771,SSMI Deeper (Forest)
6/30/2012,0.080265476,SSMI Deeper (Forest)
7/31/2012,1.05019078,SSMI Deeper (Forest)
8/31/2012,0.476325962,SSMI Deeper (Forest)
9/30/2012,0.242597082,SSMI Deeper (Forest)
10/31/2012,-0.05419191,SSMI Deeper (Forest)
11/30/2012,-0.358857033,SSMI Deeper (Forest)
12/31/2012,-0.122697211,SSMI Deeper (Forest)
1/31/2013,-0.280990547,SSMI Deeper (Forest)
2/28/2013,-0.368090717,SSMI Deeper (Forest)
3/31/2013,-0.743320211,SSMI Deeper (Forest)
4/30/2013,-0.898082454,SSMI Deeper (Forest)
5/31/2013,-0.723344302,SSMI Deeper (Forest)
6/30/2013,1.335348689,SSMI Deeper (Forest)
7/31/2013,1.536982752,SSMI Deeper (Forest)
8/31/2013,0.287830103,SSMI Deeper (Forest)
9/30/2013,0.078725042,SSMI Deeper (Forest)
10/31/2013,-0.115921163,SSMI Deeper (Forest)
11/30/2013,0.032804132,SSMI Deeper (Forest)
12/31/2013,0.141455793,SSMI Deeper (Forest)
1/31/2014,-0.071295176,SSMI Deeper (Forest)
2/28/2014,-0.502889648,SSMI Deeper (Forest)
3/31/2014,-1.117358621,SSMI Deeper (Forest)
4/30/2014,-1.829979109,SSMI Deeper (Forest)
5/31/2014,-1.461990672,SSMI Deeper (Forest)
6/30/2014,-0.099471757,SSMI Deeper (Forest)
7/31/2014,-0.018604106,SSMI Deeper (Forest)
8/31/2014,1.087940025,SSMI Deeper (Forest)
9/30/2014,1.086296233,SSMI Deeper (Forest)
10/31/2014,0.64489243,SSMI Deeper (Forest)
11/30/2014,0.217825885,SSMI Deeper (Forest)
12/31/2014,-0.125609907,SSMI Deeper (Forest)
1/31/2015,0.020528299,SSMI Deeper (Forest)
2/28/2015,0.034334159,SSMI Deeper (Forest)
3/31/2015,-0.388455398,SSMI Deeper (Forest)
4/30/2015,-0.583733928,SSMI Deeper (Forest)
5/31/2015,-0.464419464,SSMI Deeper (Forest)
6/30/2015,-0.597496578,SSMI Deeper (Forest)
7/31/2015,-0.976628791,SSMI Deeper (Forest)
8/31/2015,-1.268484153,SSMI Deeper (Forest)
9/30/2015,-1.303769445,SSMI Deeper (Forest)
10/31/2015,-1.037776324,SSMI Deeper (Forest)
11/30/2015,-0.439010355,SSMI Deeper (Forest)
12/31/2015,0.140245411,SSMI Deeper (Forest)
1/31/2016,-0.002613197,SSMI Deeper (Forest)
2/29/2016,-0.254795958,SSMI Deeper (Forest)
3/31/2016,-0.329249477,SSMI Deeper (Forest)
4/30/2016,-0.595260318,SSMI Deeper (Forest)
5/31/2016,-1.043400076,SSMI Deeper (Forest)
6/30/2016,-1.075856067,SSMI Deeper (Forest)
7/31/2016,-0.587725494,SSMI Deeper (Forest)
8/31/2016,-0.513780133,SSMI Deeper (Forest)
9/30/2016,-0.619880762,SSMI Deeper (Forest)
10/31/2016,-0.821270374,SSMI Deeper (Forest)
11/30/2016,-0.863010483,SSMI Deeper (Forest)
12/31/2016,-0.837918144,SSMI Deeper (Forest)
1/31/2017,-0.623255492,SSMI Deeper (Forest)
2/28/2017,-1.164915201,SSMI Deeper (Forest)
3/31/2017,-1.252932588,SSMI Deeper (Forest)
4/30/2017,-1.272634352,SSMI Deeper (Forest)
5/31/2017,-0.860333383,SSMI Deeper (Forest)
6/30/2017,-0.823121511,SSMI Deeper (Forest)
7/31/2017,0.936344311,SSMI Deeper (Forest)
8/31/2017,1.113218561,SSMI Deeper (Forest)
9/30/2017,0.838477115,SSMI Deeper (Forest)
10/31/2017,0.600439671,SSMI Deeper (Forest)
11/30/2017,0.792747522,SSMI Deeper (Forest)
12/31/2017,0.806407265,SSMI Deeper (Forest)
1/31/2018,0.73416499,SSMI Deeper (Forest)
2/28/2018,0.644477696,SSMI Deeper (Forest)
3/31/2018,0.52875545,SSMI Deeper (Forest)
4/30/2018,0.335220049,SSMI Deeper (Forest)
5/31/2018,-0.502205066,SSMI Deeper (Forest)
6/30/2018,-1.43907402,SSMI Deeper (Forest)
7/31/2018,-1.2346958,SSMI Deeper (Forest)
8/31/2018,-1.000927732,SSMI Deeper (Forest)
9/30/2018,-1.315483909,SSMI Deeper (Forest)
10/31/2018,-1.710456403,SSMI Deeper (Forest)
11/30/2018,-2.075289177,SSMI Deeper (Forest)
12/31/2018,-2.258512688,SSMI Deeper (Forest)
1/31/2019,-2.344802128,SSMI Deeper (Forest)
2/28/2019,-2.565054316,SSMI Deeper (Forest)
3/31/2019,-2.077595763,SSMI Deeper (Forest)
4/30/2019,-1.762678663,SSMI Deeper (Forest)
5/31/2019,-1.790805108,SSMI Deeper (Forest)
6/30/2019,-1.578541292,SSMI Deeper (Forest)
7/31/2019,-1.790793461,SSMI Deeper (Forest)
8/31/2019,-0.757199366,SSMI Deeper (Forest)
9/30/2019,-0.874914094,SSMI Deeper (Forest)
10/31/2019,-0.380349056,SSMI Deeper (Forest)
11/30/2019,-0.13286602,SSMI Deeper (Forest)
12/31/2019,-0.081972697,SSMI Deeper (Forest)
1/31/2020,-0.276811362,SSMI Deeper (Forest)
2/29/2020,0.2295336,SSMI Deeper (Forest)
3/31/2020,0.759962748,SSMI Deeper (Forest)
4/30/2020,0.531255042,SSMI Deeper (Forest)
5/31/2020,0.191898366,SSMI Deeper (Forest)
6/30/2020,-0.137375621,SSMI Deeper (Forest)
7/31/2020,-0.154475331,SSMI Deeper (Forest)
8/31/2020,-0.664197783,SSMI Deeper (Forest)
9/30/2020,-0.775468436,SSMI Deeper (Forest)
10/31/2020,-0.120421253,SSMI Deeper (Forest)
11/30/2020,0.467546305,SSMI Deeper (Forest)
12/31/2020,0.240093156,SSMI Deeper (Forest)
1/31/2021,0.089774117,SSMI Deeper (Forest)
2/28/2021,-0.084261231,SSMI Deeper (Forest)
3/31/2021,-0.184401904,SSMI Deeper (Forest)
4/30/2021,-0.197780365,SSMI Deeper (Forest)
5/31/2021,0.413858717,SSMI Deeper (Forest)
6/30/2021,-0.083481377,SSMI Deeper (Forest)
7/31/2021,-0.180527058,SSMI Deeper (Forest)
8/31/2021,-0.450393097,SSMI Deeper (Forest)
9/30/2021,-0.134050087,SSMI Deeper (Forest)
10/31/2021,-0.267790713,SSMI Deeper (Forest)
11/30/2021,-0.214691842,SSMI Deeper (Forest)
12/31/2021,-0.167592204,SSMI Deeper (Forest)
1/31/2022,-0.198894457,SSMI Deeper (Forest)
2/28/2022,-0.526612066,SSMI Deeper (Forest)
3/31/2022,-0.522803213,SSMI Deeper (Forest)
4/30/2022,-0.47820813,SSMI Deeper (Forest)
5/31/2022,-0.754692855,SSMI Deeper (Forest)
6/30/2022,-1.091820883,SSMI Deeper (Forest)
7/31/2022,-1.413962636,SSMI Deeper (Forest)
8/31/2022,-1.491295847,SSMI Deeper (Forest)
9/30/2022,-1.494713913,SSMI Deeper (Forest)
10/31/2022,-1.604175241,SSMI Deeper (Forest)
11/30/2022,-1.75584414,SSMI Deeper (Forest)
12/31/2022,-1.895370421,SSMI Deeper (Forest)
1/31/2023,-1.290903755,SSMI Deeper (Forest)
2/28/2023,-1.018892412,SSMI Deeper (Forest)
3/31/2023,-0.62711855,SSMI Deeper (Forest)
4/30/2023,0.502634454,SSMI Deeper (Forest)
5/31/2023,1.271185196,SSMI Deeper (Forest)
6/30/2023,0.23439653,SSMI Deeper (Forest)
7/31/2023,-0.186469588,SSMI Deeper (Forest)
8/31/2023,0.002585855,SSMI Deeper (Forest)
9/30/2023,-0.010551983,SSMI Deeper (Forest)
10/31/2023,-0.132820028,SSMI Deeper (Forest)
11/30/2023,0.672667833,SSMI Deeper (Forest)
12/31/2023,0.979414311,SSMI Deeper (Forest)
1/31/2024,1.655318833,SSMI Deeper (Forest)
2/29/2024,1.805012751,SSMI Deeper (Forest)
3/31/2024,1.823085748,SSMI Deeper (Forest)
4/30/2024,1.493718284,SSMI Deeper (Forest)
5/31/2024,0.579553725,SSMI Deeper (Forest)
6/30/2024,-0.006543374,SSMI Deeper (Forest)
7/31/2024,0.568780559,SSMI Deeper (Forest)
8/31/2024,0.440390837,SSMI Deeper (Forest)
9/30/2024,0.064878817,SSMI Deeper (Forest)
10/31/2024,-0.089940973,SSMI Deeper (Forest)
11/30/2024,-0.368836378,SSMI Deeper (Forest)
12/31/2024,-0.015618575,SSMI Deeper (Forest)
1/31/2000,-0.343757677,SSMI Upper (Crop)
2/29/2000,0.464192792,SSMI Upper (Crop)
3/31/2000,1.829817378,SSMI Upper (Crop)
4/30/2000,0.833003464,SSMI Upper (Crop)
5/31/2000,-2.050893393,SSMI Upper (Crop)
6/30/2000,-2.279277658,SSMI Upper (Crop)
7/31/2000,-1.500373196,SSMI Upper (Crop)
8/31/2000,-0.047654996,SSMI Upper (Crop)
9/30/2000,1.419388751,SSMI Upper (Crop)
10/31/2000,-0.614579152,SSMI Upper (Crop)
11/30/2000,-1.481615863,SSMI Upper (Crop)
12/31/2000,0.297179808,SSMI Upper (Crop)
1/31/2001,-0.167941429,SSMI Upper (Crop)
2/28/2001,0.066564677,SSMI Upper (Crop)
3/31/2001,0.974513209,SSMI Upper (Crop)
4/30/2001,1.165843454,SSMI Upper (Crop)
5/31/2001,0.42696034,SSMI Upper (Crop)
6/30/2001,0.689415427,SSMI Upper (Crop)
7/31/2001,-0.883194925,SSMI Upper (Crop)
8/31/2001,-0.812614935,SSMI Upper (Crop)
9/30/2001,1.528631163,SSMI Upper (Crop)
10/31/2001,0.833049642,SSMI Upper (Crop)
11/30/2001,-0.434406142,SSMI Upper (Crop)
12/31/2001,0.32345124,SSMI Upper (Crop)
1/31/2002,-0.076948239,SSMI Upper (Crop)
2/28/2002,1.762716948,SSMI Upper (Crop)
3/31/2002,1.543445037,SSMI Upper (Crop)
4/30/2002,1.096679442,SSMI Upper (Crop)
5/31/2002,1.397603442,SSMI Upper (Crop)
6/30/2002,0.581371263,SSMI Upper (Crop)
7/31/2002,0.377794611,SSMI Upper (Crop)
8/31/2002,1.059272996,SSMI Upper (Crop)
9/30/2002,-0.27821943,SSMI Upper (Crop)
10/31/2002,1.202170007,SSMI Upper (Crop)
11/30/2002,1.184216972,SSMI Upper (Crop)
12/31/2002,-0.132831955,SSMI Upper (Crop)
1/31/2003,0.369431032,SSMI Upper (Crop)
2/28/2003,-1.061323891,SSMI Upper (Crop)
3/31/2003,-0.763851854,SSMI Upper (Crop)
4/30/2003,-0.719823389,SSMI Upper (Crop)
5/31/2003,-0.665053061,SSMI Upper (Crop)
6/30/2003,-0.083096364,SSMI Upper (Crop)
7/31/2003,0.192279452,SSMI Upper (Crop)
8/31/2003,-0.435800187,SSMI Upper (Crop)
9/30/2003,0.442924879,SSMI Upper (Crop)
10/31/2003,0.440303794,SSMI Upper (Crop)
11/30/2003,-0.202712211,SSMI Upper (Crop)
12/31/2003,0.458287731,SSMI Upper (Crop)
1/31/2004,1.268982755,SSMI Upper (Crop)
2/29/2004,0.084487954,SSMI Upper (Crop)
3/31/2004,-1.141623303,SSMI Upper (Crop)
4/30/2004,0.130908196,SSMI Upper (Crop)
5/31/2004,0.516507532,SSMI Upper (Crop)
6/30/2004,0.459095695,SSMI Upper (Crop)
7/31/2004,1.057390914,SSMI Upper (Crop)
8/31/2004,-0.390801914,SSMI Upper (Crop)
9/30/2004,-0.387047686,SSMI Upper (Crop)
10/31/2004,-0.22708885,SSMI Upper (Crop)
11/30/2004,0.934828185,SSMI Upper (Crop)
12/31/2004,0.064417972,SSMI Upper (Crop)
1/31/2005,-1.115787928,SSMI Upper (Crop)
2/28/2005,0.199029469,SSMI Upper (Crop)
3/31/2005,-0.339923828,SSMI Upper (Crop)
4/30/2005,-1.440653954,SSMI Upper (Crop)
5/31/2005,1.135908577,SSMI Upper (Crop)
6/30/2005,0.260223229,SSMI Upper (Crop)
7/31/2005,1.024463735,SSMI Upper (Crop)
8/31/2005,0.969727005,SSMI Upper (Crop)
9/30/2005,-0.272401694,SSMI Upper (Crop)
10/31/2005,-0.133441949,SSMI Upper (Crop)
11/30/2005,-0.382455825,SSMI Upper (Crop)
12/31/2005,-0.226172803,SSMI Upper (Crop)
1/31/2006,-0.94008746,SSMI Upper (Crop)
2/28/2006,-0.23848765,SSMI Upper (Crop)
3/31/2006,-0.285884938,SSMI Upper (Crop)
4/30/2006,1.093806142,SSMI Upper (Crop)
5/31/2006,0.118364196,SSMI Upper (Crop)
6/30/2006,-0.22836516,SSMI Upper (Crop)
7/31/2006,-2.638611312,SSMI Upper (Crop)
8/31/2006,-0.064613064,SSMI Upper (Crop)
9/30/2006,-0.621094233,SSMI Upper (Crop)
10/31/2006,-2.40908329,SSMI Upper (Crop)
11/30/2006,-0.935592032,SSMI Upper (Crop)
12/31/2006,-2.033814086,SSMI Upper (Crop)
1/31/2007,1.091344668,SSMI Upper (Crop)
2/28/2007,1.506515547,SSMI Upper (Crop)
3/31/2007,1.255618929,SSMI Upper (Crop)
4/30/2007,-1.22323378,SSMI Upper (Crop)
5/31/2007,1.169755512,SSMI Upper (Crop)
6/30/2007,0.481361101,SSMI Upper (Crop)
7/31/2007,0.924181232,SSMI Upper (Crop)
8/31/2007,1.274081599,SSMI Upper (Crop)
9/30/2007,1.342739814,SSMI Upper (Crop)
10/31/2007,-0.263866185,SSMI Upper (Crop)
11/30/2007,-0.030223164,SSMI Upper (Crop)
12/31/2007,1.326064433,SSMI Upper (Crop)
1/31/2008,0.848879642,SSMI Upper (Crop)
2/29/2008,-1.08982632,SSMI Upper (Crop)
3/31/2008,1.152278159,SSMI Upper (Crop)
4/30/2008,1.817259594,SSMI Upper (Crop)
5/31/2008,-0.938509639,SSMI Upper (Crop)
6/30/2008,-1.920884407,SSMI Upper (Crop)
7/31/2008,-0.876647519,SSMI Upper (Crop)
8/31/2008,0.069742456,SSMI Upper (Crop)
9/30/2008,0.827813713,SSMI Upper (Crop)
10/31/2008,0.361732997,SSMI Upper (Crop)
11/30/2008,0.638376172,SSMI Upper (Crop)
12/31/2008,-0.58787595,SSMI Upper (Crop)
1/31/2009,-2.044960826,SSMI Upper (Crop)
2/28/2009,-0.749912416,SSMI Upper (Crop)
3/31/2009,0.6017864,SSMI Upper (Crop)
4/30/2009,-0.864110616,SSMI Upper (Crop)
5/31/2009,0.697744865,SSMI Upper (Crop)
6/30/2009,1.558658164,SSMI Upper (Crop)
7/31/2009,1.042259207,SSMI Upper (Crop)
8/31/2009,-0.786988521,SSMI Upper (Crop)
9/30/2009,-0.710478601,SSMI Upper (Crop)
10/31/2009,0.78147847,SSMI Upper (Crop)
11/30/2009,1.11254514,SSMI Upper (Crop)
12/31/2009,0.768333295,SSMI Upper (Crop)
1/31/2010,0.02803439,SSMI Upper (Crop)
2/28/2010,-0.781832664,SSMI Upper (Crop)
3/31/2010,-0.277037703,SSMI Upper (Crop)
4/30/2010,-0.196670586,SSMI Upper (Crop)
5/31/2010,1.746723407,SSMI Upper (Crop)
6/30/2010,-0.18695927,SSMI Upper (Crop)
7/31/2010,0.287670031,SSMI Upper (Crop)
8/31/2010,1.89911122,SSMI Upper (Crop)
9/30/2010,1.396635866,SSMI Upper (Crop)
10/31/2010,0.877308868,SSMI Upper (Crop)
11/30/2010,1.664274125,SSMI Upper (Crop)
12/31/2010,0.064818359,SSMI Upper (Crop)
1/31/2011,-0.962604288,SSMI Upper (Crop)
2/28/2011,0.772939902,SSMI Upper (Crop)
3/31/2011,-0.944487215,SSMI Upper (Crop)
4/30/2011,-0.92532797,SSMI Upper (Crop)
5/31/2011,-1.090085199,SSMI Upper (Crop)
6/30/2011,-0.230750948,SSMI Upper (Crop)
7/31/2011,1.495610278,SSMI Upper (Crop)
8/31/2011,0.806308585,SSMI Upper (Crop)
9/30/2011,1.788862509,SSMI Upper (Crop)
10/31/2011,0.508877702,SSMI Upper (Crop)
11/30/2011,-1.543504093,SSMI Upper (Crop)
12/31/2011,-0.525250327,SSMI Upper (Crop)
1/31/2012,1.928124231,SSMI Upper (Crop)
2/29/2012,-0.153138472,SSMI Upper (Crop)
3/31/2012,-1.145524018,SSMI Upper (Crop)
4/30/2012,0.462070025,SSMI Upper (Crop)
5/31/2012,0.29698584,SSMI Upper (Crop)
6/30/2012,0.646156379,SSMI Upper (Crop)
7/31/2012,1.074456356,SSMI Upper (Crop)
8/31/2012,-0.403509321,SSMI Upper (Crop)
9/30/2012,-0.357042195,SSMI Upper (Crop)
10/31/2012,-0.492145402,SSMI Upper (Crop)
11/30/2012,-0.568745432,SSMI Upper (Crop)
12/31/2012,-0.010433603,SSMI Upper (Crop)
1/31/2013,-0.69733515,SSMI Upper (Crop)
2/28/2013,-0.442676277,SSMI Upper (Crop)
3/31/2013,-0.121445404,SSMI Upper (Crop)
4/30/2013,0.2697863,SSMI Upper (Crop)
5/31/2013,0.317078921,SSMI Upper (Crop)
6/30/2013,1.618272846,SSMI Upper (Crop)
7/31/2013,-0.684139998,SSMI Upper (Crop)
8/31/2013,0.396171008,SSMI Upper (Crop)
9/30/2013,0.008190592,SSMI Upper (Crop)
10/31/2013,0.379114622,SSMI Upper (Crop)
11/30/2013,0.90022699,SSMI Upper (Crop)
12/31/2013,-0.372718789,SSMI Upper (Crop)
1/31/2014,-1.075946399,SSMI Upper (Crop)
2/28/2014,-2.018916695,SSMI Upper (Crop)
3/31/2014,-1.867219871,SSMI Upper (Crop)
4/30/2014,0.230523202,SSMI Upper (Crop)
5/31/2014,1.376621448,SSMI Upper (Crop)
6/30/2014,1.071006661,SSMI Upper (Crop)
7/31/2014,-0.214787284,SSMI Upper (Crop)
8/31/2014,0.859082565,SSMI Upper (Crop)
9/30/2014,-0.46650103,SSMI Upper (Crop)
10/31/2014,-0.556439016,SSMI Upper (Crop)
11/30/2014,-0.163563474,SSMI Upper (Crop)
12/31/2014,-0.695307775,SSMI Upper (Crop)
1/31/2015,0.746793843,SSMI Upper (Crop)
2/28/2015,-1.435779771,SSMI Upper (Crop)
3/31/2015,-0.618224214,SSMI Upper (Crop)
4/30/2015,-0.205217938,SSMI Upper (Crop)
5/31/2015,-0.155844884,SSMI Upper (Crop)
6/30/2015,-0.784280908,SSMI Upper (Crop)
7/31/2015,-0.296485779,SSMI Upper (Crop)
8/31/2015,-2.017043692,SSMI Upper (Crop)
9/30/2015,0.671221472,SSMI Upper (Crop)
10/31/2015,0.292697157,SSMI Upper (Crop)
11/30/2015,0.500868278,SSMI Upper (Crop)
12/31/2015,0.611550714,SSMI Upper (Crop)
1/31/2016,-0.825941069,SSMI Upper (Crop)
2/29/2016,-0.276962982,SSMI Upper (Crop)
3/31/2016,-0.504923447,SSMI Upper (Crop)
4/30/2016,-0.154140261,SSMI Upper (Crop)
5/31/2016,-1.43789677,SSMI Upper (Crop)
6/30/2016,0.771589046,SSMI Upper (Crop)
7/31/2016,-0.158730059,SSMI Upper (Crop)
8/31/2016,0.464472774,SSMI Upper (Crop)
9/30/2016,-0.952259746,SSMI Upper (Crop)
10/31/2016,0.00558625,SSMI Upper (Crop)
11/30/2016,0.374253061,SSMI Upper (Crop)
12/31/2016,1.458365179,SSMI Upper (Crop)
1/31/2017,-0.714763713,SSMI Upper (Crop)
2/28/2017,-0.536706786,SSMI Upper (Crop)
3/31/2017,0.724786795,SSMI Upper (Crop)
4/30/2017,-0.016772866,SSMI Upper (Crop)
5/31/2017,0.302697398,SSMI Upper (Crop)
6/30/2017,0.541863865,SSMI Upper (Crop)
7/31/2017,1.402637023,SSMI Upper (Crop)
8/31/2017,0.762224979,SSMI Upper (Crop)
9/30/2017,-0.737105599,SSMI Upper (Crop)
10/31/2017,0.502581513,SSMI Upper (Crop)
11/30/2017,1.142281049,SSMI Upper (Crop)
12/31/2017,-0.096015036,SSMI Upper (Crop)
1/31/2018,1.317323601,SSMI Upper (Crop)
2/28/2018,-0.771059586,SSMI Upper (Crop)
3/31/2018,0.260190189,SSMI Upper (Crop)
4/30/2018,0.014944285,SSMI Upper (Crop)
5/31/2018,-1.014871722,SSMI Upper (Crop)
6/30/2018,-1.538955212,SSMI Upper (Crop)
7/31/2018,-0.240504333,SSMI Upper (Crop)
8/31/2018,-2.102907692,SSMI Upper (Crop)
9/30/2018,-2.579957937,SSMI Upper (Crop)
10/31/2018,-2.949076399,SSMI Upper (Crop)
11/30/2018,-2.359826094,SSMI Upper (Crop)
12/31/2018,-0.2897993,SSMI Upper (Crop)
1/31/2019,0.324230543,SSMI Upper (Crop)
2/28/2019,-0.656337974,SSMI Upper (Crop)
3/31/2019,0.771399297,SSMI Upper (Crop)
4/30/2019,-1.133729092,SSMI Upper (Crop)
5/31/2019,0.046476606,SSMI Upper (Crop)
6/30/2019,-0.23219139,SSMI Upper (Crop)
7/31/2019,-0.499074951,SSMI Upper (Crop)
8/31/2019,0.033691397,SSMI Upper (Crop)
9/30/2019,-1.066613247,SSMI Upper (Crop)
10/31/2019,1.056698564,SSMI Upper (Crop)
11/30/2019,0.264503969,SSMI Upper (Crop)
12/31/2019,-0.137485752,SSMI Upper (Crop)
1/31/2020,0.179516509,SSMI Upper (Crop)
2/29/2020,1.546977896,SSMI Upper (Crop)
3/31/2020,-0.424164772,SSMI Upper (Crop)
4/30/2020,-2.352261751,SSMI Upper (Crop)
5/31/2020,-0.257220132,SSMI Upper (Crop)
6/30/2020,0.183674094,SSMI Upper (Crop)
7/31/2020,-0.098829724,SSMI Upper (Crop)
8/31/2020,-1.494256404,SSMI Upper (Crop)
9/30/2020,0.342024828,SSMI Upper (Crop)
10/31/2020,1.403068285,SSMI Upper (Crop)
11/30/2020,0.271541556,SSMI Upper (Crop)
12/31/2020,-3.076415027,SSMI Upper (Crop)
1/31/2021,0.085884988,SSMI Upper (Crop)
2/28/2021,0.163075344,SSMI Upper (Crop)
3/31/2021,0.357477052,SSMI Upper (Crop)
4/30/2021,0.373569605,SSMI Upper (Crop)
5/31/2021,1.037127517,SSMI Upper (Crop)
6/30/2021,-1.628847219,SSMI Upper (Crop)
7/31/2021,0.336306532,SSMI Upper (Crop)
8/31/2021,0.114623817,SSMI Upper (Crop)
9/30/2021,0.497602025,SSMI Upper (Crop)
10/31/2021,-1.10731694,SSMI Upper (Crop)
11/30/2021,0.497555938,SSMI Upper (Crop)
12/31/2021,-0.250703968,SSMI Upper (Crop)
1/31/2022,-1.494274746,SSMI Upper (Crop)
2/28/2022,0.754027937,SSMI Upper (Crop)
3/31/2022,-2.028662803,SSMI Upper (Crop)
4/30/2022,-0.65712209,SSMI Upper (Crop)
5/31/2022,-1.257016901,SSMI Upper (Crop)
6/30/2022,0.187308421,SSMI Upper (Crop)
7/31/2022,-1.467918696,SSMI Upper (Crop)
8/31/2022,-1.322700936,SSMI Upper (Crop)
9/30/2022,-0.35258098,SSMI Upper (Crop)
10/31/2022,-0.185905938,SSMI Upper (Crop)
11/30/2022,-0.863729736,SSMI Upper (Crop)
12/31/2022,0.252426231,SSMI Upper (Crop)
1/31/2023,0.866251605,SSMI Upper (Crop)
2/28/2023,1.059417208,SSMI Upper (Crop)
3/31/2023,0.968591243,SSMI Upper (Crop)
4/30/2023,1.83777393,SSMI Upper (Crop)
5/31/2023,-0.548241996,SSMI Upper (Crop)
6/30/2023,-0.773204702,SSMI Upper (Crop)
7/31/2023,-0.590479779,SSMI Upper (Crop)
8/31/2023,1.030083022,SSMI Upper (Crop)
9/30/2023,-0.757110004,SSMI Upper (Crop)
10/31/2023,0.636632374,SSMI Upper (Crop)
11/30/2023,0.922518735,SSMI Upper (Crop)
12/31/2023,1.968483409,SSMI Upper (Crop)
1/31/2024,1.405556431,SSMI Upper (Crop)
2/29/2024,1.832165311,SSMI Upper (Crop)
3/31/2024,0.024334382,SSMI Upper (Crop)
4/30/2024,0.570168412,SSMI Upper (Crop)
5/31/2024,-1.162081588,SSMI Upper (Crop)
6/30/2024,0.895476613,SSMI Upper (Crop)
7/31/2024,0.979912185,SSMI Upper (Crop)
8/31/2024,0.176549121,SSMI Upper (Crop)
9/30/2024,-0.721888057,SSMI Upper (Crop)
10/31/2024,-0.31308676,SSMI Upper (Crop)
11/30/2024,-1.437217881,SSMI Upper (Crop)
12/31/2024,0.843850892,SSMI Upper (Crop)
1/31/2000,-1.210475834,SSMI Deeper (Crop)
2/29/2000,-0.796623758,SSMI Deeper (Crop)
3/31/2000,-0.317097155,SSMI Deeper (Crop)
4/30/2000,0.602898875,SSMI Deeper (Crop)
5/31/2000,0.318392995,SSMI Deeper (Crop)
6/30/2000,-0.518587214,SSMI Deeper (Crop)
7/31/2000,-1.392167645,SSMI Deeper (Crop)
8/31/2000,-1.415132759,SSMI Deeper (Crop)
9/30/2000,-1.187744361,SSMI Deeper (Crop)
10/31/2000,-1.010880868,SSMI Deeper (Crop)
11/30/2000,-1.0930628,SSMI Deeper (Crop)
12/31/2000,-1.272045637,SSMI Deeper (Crop)
1/31/2001,-1.24866559,SSMI Deeper (Crop)
2/28/2001,-1.382197077,SSMI Deeper (Crop)
3/31/2001,-1.43009834,SSMI Deeper (Crop)
4/30/2001,-0.798825512,SSMI Deeper (Crop)
5/31/2001,-0.32633183,SSMI Deeper (Crop)
6/30/2001,-0.222555964,SSMI Deeper (Crop)
7/31/2001,-0.610190837,SSMI Deeper (Crop)
8/31/2001,-0.935498872,SSMI Deeper (Crop)
9/30/2001,-0.545539814,SSMI Deeper (Crop)
10/31/2001,0.586240123,SSMI Deeper (Crop)
11/30/2001,0.528963529,SSMI Deeper (Crop)
12/31/2001,0.370755443,SSMI Deeper (Crop)
1/31/2002,0.288106435,SSMI Deeper (Crop)
2/28/2002,0.240688226,SSMI Deeper (Crop)
3/31/2002,1.518485404,SSMI Deeper (Crop)
4/30/2002,2.040642641,SSMI Deeper (Crop)
5/31/2002,2.204731884,SSMI Deeper (Crop)
6/30/2002,2.48081886,SSMI Deeper (Crop)
7/31/2002,1.856459267,SSMI Deeper (Crop)
8/31/2002,1.146503166,SSMI Deeper (Crop)
9/30/2002,1.396066894,SSMI Deeper (Crop)
10/31/2002,1.671241573,SSMI Deeper (Crop)
11/30/2002,1.736065606,SSMI Deeper (Crop)
12/31/2002,1.705670615,SSMI Deeper (Crop)
1/31/2003,1.758526398,SSMI Deeper (Crop)
2/28/2003,1.506585236,SSMI Deeper (Crop)
3/31/2003,1.250317027,SSMI Deeper (Crop)
4/30/2003,0.848441743,SSMI Deeper (Crop)
5/31/2003,0.088765808,SSMI Deeper (Crop)
6/30/2003,-0.362389628,SSMI Deeper (Crop)
7/31/2003,-0.629973032,SSMI Deeper (Crop)
8/31/2003,-0.649905786,SSMI Deeper (Crop)
9/30/2003,-0.568108828,SSMI Deeper (Crop)
10/31/2003,-0.466425919,SSMI Deeper (Crop)
11/30/2003,-0.525230972,SSMI Deeper (Crop)
12/31/2003,-0.360517868,SSMI Deeper (Crop)
1/31/2004,-0.050475129,SSMI Deeper (Crop)
2/29/2004,0.66960843,SSMI Deeper (Crop)
3/31/2004,0.535445334,SSMI Deeper (Crop)
4/30/2004,0.162608476,SSMI Deeper (Crop)
5/31/2004,-0.06059701,SSMI Deeper (Crop)
6/30/2004,-0.206780295,SSMI Deeper (Crop)
7/31/2004,0.213090409,SSMI Deeper (Crop)
8/31/2004,0.101786893,SSMI Deeper (Crop)
9/30/2004,-0.138599556,SSMI Deeper (Crop)
10/31/2004,-0.400942104,SSMI Deeper (Crop)
11/30/2004,-0.513395295,SSMI Deeper (Crop)
12/31/2004,-0.2432342,SSMI Deeper (Crop)
1/31/2005,-0.048016818,SSMI Deeper (Crop)
2/28/2005,-0.319558747,SSMI Deeper (Crop)
3/31/2005,-0.265127304,SSMI Deeper (Crop)
4/30/2005,-0.404247876,SSMI Deeper (Crop)
5/31/2005,-0.288909875,SSMI Deeper (Crop)
6/30/2005,0.224449955,SSMI Deeper (Crop)
7/31/2005,0.378744234,SSMI Deeper (Crop)
8/31/2005,0.703553716,SSMI Deeper (Crop)
9/30/2005,0.552771671,SSMI Deeper (Crop)
10/31/2005,0.329243047,SSMI Deeper (Crop)
11/30/2005,0.146188758,SSMI Deeper (Crop)
12/31/2005,-0.016750531,SSMI Deeper (Crop)
1/31/2006,0.097416126,SSMI Deeper (Crop)
2/28/2006,-0.139357071,SSMI Deeper (Crop)
3/31/2006,-0.427273982,SSMI Deeper (Crop)
4/30/2006,-0.494607415,SSMI Deeper (Crop)
5/31/2006,-0.407715212,SSMI Deeper (Crop)
6/30/2006,-0.506981311,SSMI Deeper (Crop)
7/31/2006,-1.356656606,SSMI Deeper (Crop)
8/31/2006,-1.411138232,SSMI Deeper (Crop)
9/30/2006,-1.278994808,SSMI Deeper (Crop)
10/31/2006,-1.492506496,SSMI Deeper (Crop)
11/30/2006,-1.672923816,SSMI Deeper (Crop)
12/31/2006,-1.938392331,SSMI Deeper (Crop)
1/31/2007,-1.806473769,SSMI Deeper (Crop)
2/28/2007,-0.541014748,SSMI Deeper (Crop)
3/31/2007,0.094388839,SSMI Deeper (Crop)
4/30/2007,0.419637212,SSMI Deeper (Crop)
5/31/2007,1.002722264,SSMI Deeper (Crop)
6/30/2007,1.708254803,SSMI Deeper (Crop)
7/31/2007,1.269816148,SSMI Deeper (Crop)
8/31/2007,0.621906986,SSMI Deeper (Crop)
9/30/2007,0.98845265,SSMI Deeper (Crop)
10/31/2007,1.111106295,SSMI Deeper (Crop)
11/30/2007,0.82082983,SSMI Deeper (Crop)
12/31/2007,0.686732638,SSMI Deeper (Crop)
1/31/2008,0.955309271,SSMI Deeper (Crop)
2/29/2008,1.875667784,SSMI Deeper (Crop)
3/31/2008,1.578398269,SSMI Deeper (Crop)
4/30/2008,1.841592882,SSMI Deeper (Crop)
5/31/2008,2.523827564,SSMI Deeper (Crop)
6/30/2008,1.93809467,SSMI Deeper (Crop)
7/31/2008,0.729302628,SSMI Deeper (Crop)
8/31/2008,-0.288145409,SSMI Deeper (Crop)
9/30/2008,-0.270951604,SSMI Deeper (Crop)
10/31/2008,-0.211347123,SSMI Deeper (Crop)
11/30/2008,-0.059743192,SSMI Deeper (Crop)
12/31/2008,0.077146796,SSMI Deeper (Crop)
1/31/2009,-0.119827127,SSMI Deeper (Crop)
2/28/2009,-0.660542246,SSMI Deeper (Crop)
3/31/2009,-0.899852889,SSMI Deeper (Crop)
4/30/2009,-1.033824024,SSMI Deeper (Crop)
5/31/2009,-1.114733897,SSMI Deeper (Crop)
6/30/2009,0.240498813,SSMI Deeper (Crop)
7/31/2009,1.298341731,SSMI Deeper (Crop)
8/31/2009,0.672144284,SSMI Deeper (Crop)
9/30/2009,0.341845678,SSMI Deeper (Crop)
10/31/2009,0.343685019,SSMI Deeper (Crop)
11/30/2009,0.70998212,SSMI Deeper (Crop)
12/31/2009,0.852995215,SSMI Deeper (Crop)
1/31/2010,0.840834551,SSMI Deeper (Crop)
2/28/2010,0.51129968,SSMI Deeper (Crop)
3/31/2010,0.053153674,SSMI Deeper (Crop)
4/30/2010,-0.287099388,SSMI Deeper (Crop)
5/31/2010,0.056063293,SSMI Deeper (Crop)
6/30/2010,1.097959065,SSMI Deeper (Crop)
7/31/2010,0.667306749,SSMI Deeper (Crop)
8/31/2010,2.134936127,SSMI Deeper (Crop)
9/30/2010,2.569047978,SSMI Deeper (Crop)
10/31/2010,2.441370452,SSMI Deeper (Crop)
11/30/2010,2.33179081,SSMI Deeper (Crop)
12/31/2010,2.12394797,SSMI Deeper (Crop)
1/31/2011,1.698312259,SSMI Deeper (Crop)
2/28/2011,1.346890762,SSMI Deeper (Crop)
3/31/2011,1.346456608,SSMI Deeper (Crop)
4/30/2011,1.124535612,SSMI Deeper (Crop)
5/31/2011,0.577041202,SSMI Deeper (Crop)
6/30/2011,-0.324000046,SSMI Deeper (Crop)
7/31/2011,0.34034959,SSMI Deeper (Crop)
8/31/2011,2.014138506,SSMI Deeper (Crop)
9/30/2011,1.866142679,SSMI Deeper (Crop)
10/31/2011,1.949322641,SSMI Deeper (Crop)
11/30/2011,1.747045862,SSMI Deeper (Crop)
12/31/2011,1.388063719,SSMI Deeper (Crop)
1/31/2012,1.299147584,SSMI Deeper (Crop)
2/29/2012,1.299078332,SSMI Deeper (Crop)
3/31/2012,0.8936437,SSMI Deeper (Crop)
4/30/2012,0.597724447,SSMI Deeper (Crop)
5/31/2012,0.547320634,SSMI Deeper (Crop)
6/30/2012,0.469003787,SSMI Deeper (Crop)
7/31/2012,1.120497464,SSMI Deeper (Crop)
8/31/2012,0.525878751,SSMI Deeper (Crop)
9/30/2012,0.207582485,SSMI Deeper (Crop)
10/31/2012,-0.082980559,SSMI Deeper (Crop)
11/30/2012,-0.376205561,SSMI Deeper (Crop)
12/31/2012,-0.254615546,SSMI Deeper (Crop)
1/31/2013,-0.325468431,SSMI Deeper (Crop)
2/28/2013,-0.458230111,SSMI Deeper (Crop)
3/31/2013,-0.763268054,SSMI Deeper (Crop)
4/30/2013,-0.886217957,SSMI Deeper (Crop)
5/31/2013,-0.920021757,SSMI Deeper (Crop)
6/30/2013,0.474008244,SSMI Deeper (Crop)
7/31/2013,1.23727766,SSMI Deeper (Crop)
8/31/2013,0.267169074,SSMI Deeper (Crop)
9/30/2013,0.040720831,SSMI Deeper (Crop)
10/31/2013,-0.172037431,SSMI Deeper (Crop)
11/30/2013,-0.105718111,SSMI Deeper (Crop)
12/31/2013,0.032795649,SSMI Deeper (Crop)
1/31/2014,-0.106184295,SSMI Deeper (Crop)
2/28/2014,-0.529219339,SSMI Deeper (Crop)
3/31/2014,-1.036329766,SSMI Deeper (Crop)
4/30/2014,-1.692949155,SSMI Deeper (Crop)
5/31/2014,-1.607839156,SSMI Deeper (Crop)
6/30/2014,-0.831806186,SSMI Deeper (Crop)
7/31/2014,-0.623811455,SSMI Deeper (Crop)
8/31/2014,0.701042962,SSMI Deeper (Crop)
9/30/2014,0.849976366,SSMI Deeper (Crop)
10/31/2014,0.435808193,SSMI Deeper (Crop)
11/30/2014,0.082497841,SSMI Deeper (Crop)
12/31/2014,-0.191647645,SSMI Deeper (Crop)
1/31/2015,-0.126092111,SSMI Deeper (Crop)
2/28/2015,-0.074259883,SSMI Deeper (Crop)
3/31/2015,-0.419260777,SSMI Deeper (Crop)
4/30/2015,-0.723745787,SSMI Deeper (Crop)
5/31/2015,-0.672143088,SSMI Deeper (Crop)
6/30/2015,-0.910627151,SSMI Deeper (Crop)
7/31/2015,-1.430581669,SSMI Deeper (Crop)
8/31/2015,-1.43245827,SSMI Deeper (Crop)
9/30/2015,-1.446439352,SSMI Deeper (Crop)
10/31/2015,-1.314973779,SSMI Deeper (Crop)
11/30/2015,-0.79768791,SSMI Deeper (Crop)
12/31/2015,-0.152156358,SSMI Deeper (Crop)
1/31/2016,-0.061707591,SSMI Deeper (Crop)
2/29/2016,-0.309243968,SSMI Deeper (Crop)
3/31/2016,-0.433093158,SSMI Deeper (Crop)
4/30/2016,-0.69686358,SSMI Deeper (Crop)
5/31/2016,-1.02808544,SSMI Deeper (Crop)
6/30/2016,-1.280172926,SSMI Deeper (Crop)
7/31/2016,-0.817798551,SSMI Deeper (Crop)
8/31/2016,-0.67560689,SSMI Deeper (Crop)
9/30/2016,-0.739526749,SSMI Deeper (Crop)
10/31/2016,-0.868597697,SSMI Deeper (Crop)
11/30/2016,-0.91603655,SSMI Deeper (Crop)
12/31/2016,-0.967373801,SSMI Deeper (Crop)
1/31/2017,-0.714037734,SSMI Deeper (Crop)
2/28/2017,-1.078699916,SSMI Deeper (Crop)
3/31/2017,-1.121562358,SSMI Deeper (Crop)
4/30/2017,-1.052088753,SSMI Deeper (Crop)
5/31/2017,-0.836541487,SSMI Deeper (Crop)
6/30/2017,-1.120589065,SSMI Deeper (Crop)
7/31/2017,0.425797865,SSMI Deeper (Crop)
8/31/2017,0.940844459,SSMI Deeper (Crop)
9/30/2017,0.681127021,SSMI Deeper (Crop)
10/31/2017,0.431352698,SSMI Deeper (Crop)
11/30/2017,0.60463427,SSMI Deeper (Crop)
12/31/2017,0.692038981,SSMI Deeper (Crop)
1/31/2018,0.597730849,SSMI Deeper (Crop)
2/28/2018,0.530311923,SSMI Deeper (Crop)
3/31/2018,0.402272873,SSMI Deeper (Crop)
4/30/2018,0.279861599,SSMI Deeper (Crop)
5/31/2018,-0.228839632,SSMI Deeper (Crop)
6/30/2018,-0.821285864,SSMI Deeper (Crop)
7/31/2018,-0.732419363,SSMI Deeper (Crop)
8/31/2018,-0.652876724,SSMI Deeper (Crop)
9/30/2018,-0.761794476,SSMI Deeper (Crop)
10/31/2018,-1.032938513,SSMI Deeper (Crop)
11/30/2018,-1.319134826,SSMI Deeper (Crop)
12/31/2018,-1.522789906,SSMI Deeper (Crop)
1/31/2019,-1.591842722,SSMI Deeper (Crop)
2/28/2019,-1.83824803,SSMI Deeper (Crop)
3/31/2019,-1.597865874,SSMI Deeper (Crop)
4/30/2019,-1.255530704,SSMI Deeper (Crop)
5/31/2019,-1.140772065,SSMI Deeper (Crop)
6/30/2019,-1.165640542,SSMI Deeper (Crop)
7/31/2019,-1.341343162,SSMI Deeper (Crop)
8/31/2019,-0.71178307,SSMI Deeper (Crop)
9/30/2019,-0.705694831,SSMI Deeper (Crop)
10/31/2019,-0.358230984,SSMI Deeper (Crop)
11/30/2019,-0.150778157,SSMI Deeper (Crop)
12/31/2019,-0.128549813,SSMI Deeper (Crop)
1/31/2020,-0.227151522,SSMI Deeper (Crop)
2/29/2020,0.090893898,SSMI Deeper (Crop)
3/31/2020,0.722302923,SSMI Deeper (Crop)
4/30/2020,0.50334456,SSMI Deeper (Crop)
5/31/2020,0.193252988,SSMI Deeper (Crop)
6/30/2020,-0.154678517,SSMI Deeper (Crop)
7/31/2020,-0.237646363,SSMI Deeper (Crop)
8/31/2020,-0.622356839,SSMI Deeper (Crop)
9/30/2020,-0.734557439,SSMI Deeper (Crop)
10/31/2020,-0.303668167,SSMI Deeper (Crop)
11/30/2020,0.286083286,SSMI Deeper (Crop)
12/31/2020,0.219405708,SSMI Deeper (Crop)
1/31/2021,0.111304637,SSMI Deeper (Crop)
2/28/2021,-0.114186795,SSMI Deeper (Crop)
3/31/2021,-0.262395114,SSMI Deeper (Crop)
4/30/2021,-0.322041919,SSMI Deeper (Crop)
5/31/2021,0.036637824,SSMI Deeper (Crop)
6/30/2021,-0.078201613,SSMI Deeper (Crop)
7/31/2021,-0.196194738,SSMI Deeper (Crop)
8/31/2021,-0.52779265,SSMI Deeper (Crop)
9/30/2021,-0.32970695,SSMI Deeper (Crop)
10/31/2021,-0.393053315,SSMI Deeper (Crop)
11/30/2021,-0.380641533,SSMI Deeper (Crop)
12/31/2021,-0.277770951,SSMI Deeper (Crop)
1/31/2022,-0.275489339,SSMI Deeper (Crop)
2/28/2022,-0.635446554,SSMI Deeper (Crop)
3/31/2022,-0.729304507,SSMI Deeper (Crop)
4/30/2022,-0.793994533,SSMI Deeper (Crop)
5/31/2022,-1.036460089,SSMI Deeper (Crop)
6/30/2022,-1.474816296,SSMI Deeper (Crop)
7/31/2022,-1.65019208,SSMI Deeper (Crop)
8/31/2022,-1.431249752,SSMI Deeper (Crop)
9/30/2022,-1.417598608,SSMI Deeper (Crop)
10/31/2022,-1.592949247,SSMI Deeper (Crop)
11/30/2022,-1.751163901,SSMI Deeper (Crop)
12/31/2022,-1.939720555,SSMI Deeper (Crop)
1/31/2023,-1.541634015,SSMI Deeper (Crop)
2/28/2023,-1.238656921,SSMI Deeper (Crop)
3/31/2023,-0.855693442,SSMI Deeper (Crop)
4/30/2023,0.037429808,SSMI Deeper (Crop)
5/31/2023,0.875561438,SSMI Deeper (Crop)
6/30/2023,0.698888428,SSMI Deeper (Crop)
7/31/2023,0.515758603,SSMI Deeper (Crop)
8/31/2023,0.302537896,SSMI Deeper (Crop)
9/30/2023,0.237835843,SSMI Deeper (Crop)
10/31/2023,0.104978409,SSMI Deeper (Crop)
11/30/2023,0.650907853,SSMI Deeper (Crop)
12/31/2023,0.98149759,SSMI Deeper (Crop)
1/31/2024,1.806061837,SSMI Deeper (Crop)
2/29/2024,2.042632213,SSMI Deeper (Crop)
3/31/2024,2.161877727,SSMI Deeper (Crop)
4/30/2024,1.981860566,SSMI Deeper (Crop)
5/31/2024,1.24219661,SSMI Deeper (Crop)
6/30/2024,0.644699459,SSMI Deeper (Crop)
7/31/2024,0.966331185,SSMI Deeper (Crop)
8/31/2024,0.616594599,SSMI Deeper (Crop)
9/30/2024,0.380725845,SSMI Deeper (Crop)
10/31/2024,0.285861997,SSMI Deeper (Crop)
11/30/2024,0.010354644,SSMI Deeper (Crop)
12/31/2024,0.135352703,SSMI Deeper (Crop)
1/31/2000,-0.611022331,SSI
2/29/2000,0.048792052,SSI
3/31/2000,0.842935165,SSI
4/30/2000,0.330950329,SSI
5/31/2000,-0.964737118,SSI
6/30/2000,-1.268883689,SSI
7/31/2000,-0.185083667,SSI
8/31/2000,0.218781327,SSI
9/30/2000,0.685334217,SSI
10/31/2000,4.854542587,SSI
11/30/2000,-0.160741002,SSI
12/31/2000,-0.381223784,SSI
1/31/2001,-0.564999734,SSI
2/28/2001,-0.503261174,SSI
3/31/2001,-0.743935546,SSI
4/30/2001,0.336672448,SSI
5/31/2001,-0.20962143,SSI
6/30/2001,0.094306433,SSI
7/31/2001,0.227043349,SSI
8/31/2001,0.262175718,SSI
9/30/2001,0.84920616,SSI
10/31/2001,5.064974849,SSI
11/30/2001,0.429153205,SSI
12/31/2001,0.042877102,SSI
1/31/2002,0.530976361,SSI
2/28/2002,0.812723849,SSI
3/31/2002,1.942005465,SSI
4/30/2002,1.02231846,SSI
5/31/2002,0.855650776,SSI
6/30/2002,0.634255304,SSI
7/31/2002,0.609652004,SSI
8/31/2002,0.737277752,SSI
9/30/2002,0.982628238,SSI
10/31/2002,5.118212907,SSI
11/30/2002,1.477333098,SSI
12/31/2002,1.36459856,SSI
1/31/2003,1.493705078,SSI
2/28/2003,0.695411091,SSI
3/31/2003,0.386922081,SSI
4/30/2003,0.055813743,SSI
5/31/2003,0.196633616,SSI
6/30/2003,-0.199023224,SSI
7/31/2003,0.368552916,SSI
8/31/2003,0.262175718,SSI
9/30/2003,-0.358458793,SSI
10/31/2003,-0.358458793,SSI
11/30/2003,-0.490125306,SSI
12/31/2003,-0.15345146,SSI
1/31/2004,-0.154234581,SSI
2/29/2004,0.636315632,SSI
3/31/2004,-0.782640356,SSI
4/30/2004,-0.508485269,SSI
5/31/2004,-0.591023039,SSI
6/30/2004,-0.677814471,SSI
7/31/2004,0.528483156,SSI
8/31/2004,0.295902043,SSI
9/30/2004,-0.358458793,SSI
10/31/2004,-0.358458793,SSI
11/30/2004,0.729054214,SSI
12/31/2004,0.45699618,SSI
1/31/2005,0.550269647,SSI
2/28/2005,0.50644569,SSI
3/31/2005,1.280597779,SSI
4/30/2005,0.246202173,SSI
5/31/2005,1.9013191,SSI
6/30/2005,1.11512187,SSI
7/31/2005,0.956268953,SSI
8/31/2005,0.744360361,SSI
9/30/2005,0.999080722,SSI
10/31/2005,5.089448639,SSI
11/30/2005,0.555058692,SSI
12/31/2005,1.253434679,SSI
1/31/2006,0.695952957,SSI
2/28/2006,1.484346389,SSI
3/31/2006,1.584260604,SSI
4/30/2006,1.007139536,SSI
5/31/2006,0.03431357,SSI
6/30/2006,0.240042082,SSI
7/31/2006,-0.365885549,SSI
8/31/2006,-0.467698799,SSI
9/30/2006,-0.358458793,SSI
10/31/2006,-0.358458793,SSI
11/30/2006,-0.994457883,SSI
12/31/2006,-1.174986792,SSI
1/31/2007,-0.880958588,SSI
2/28/2007,-0.505178065,SSI
3/31/2007,-0.144007343,SSI
4/30/2007,-0.83512749,SSI
5/31/2007,0.18031873,SSI
6/30/2007,0.418469059,SSI
7/31/2007,0.921179699,SSI
8/31/2007,0.571888114,SSI
9/30/2007,0.914429533,SSI
10/31/2007,5.029102411,SSI
11/30/2007,0.786617172,SSI
12/31/2007,-0.085074057,SSI
1/31/2008,0.82817711,SSI
2/29/2008,-0.244019494,SSI
3/31/2008,0.810943072,SSI
4/30/2008,2.383930428,SSI
5/31/2008,1.447827821,SSI
6/30/2008,0.612230559,SSI
7/31/2008,0.504678046,SSI
8/31/2008,0.352199955,SSI
9/30/2008,0.788429472,SSI
10/31/2008,4.889468287,SSI
11/30/2008,0.852765089,SSI
12/31/2008,0.469857181,SSI
1/31/2009,0.020845351,SSI
2/28/2009,-0.232025208,SSI
3/31/2009,0.120346542,SSI
4/30/2009,-0.519764785,SSI
5/31/2009,-0.679043312,SSI
6/30/2009,1.285670847,SSI
7/31/2009,0.698109496,SSI
8/31/2009,0.399069747,SSI
9/30/2009,0.618135479,SSI
10/31/2009,4.81919563,SSI
11/30/2009,0.874578133,SSI
12/31/2009,0.710394048,SSI
1/31/2010,0.469019712,SSI
2/28/2010,1.218151109,SSI
3/31/2010,1.594540114,SSI
4/30/2010,0.1040792,SSI
5/31/2010,2.107010304,SSI
6/30/2010,1.911201591,SSI
7/31/2010,0.436334069,SSI
8/31/2010,0.727817653,SSI
9/30/2010,1.134787207,SSI
10/31/2010,5.172983847,SSI
11/30/2010,1.755134523,SSI
12/31/2010,2.025557597,SSI
1/31/2011,2.03862291,SSI
2/28/2011,2.112128974,SSI
3/31/2011,0.932817149,SSI
4/30/2011,1.479396812,SSI
5/31/2011,0.649995715,SSI
6/30/2011,0.739892072,SSI
7/31/2011,1.129340951,SSI
8/31/2011,0.669631054,SSI
9/30/2011,1.099462285,SSI
10/31/2011,5.118638724,SSI
11/30/2011,0.932401907,SSI
12/31/2011,1.13288733,SSI
1/31/2012,1.391391509,SSI
2/29/2012,0.536191363,SSI
3/31/2012,0.700741989,SSI
4/30/2012,0.50765682,SSI
5/31/2012,0.671561917,SSI
6/30/2012,0.521009477,SSI
7/31/2012,1.16976179,SSI
8/31/2012,0.559223238,SSI
9/30/2012,0.930559451,SSI
10/31/2012,4.987656418,SSI
11/30/2012,0.88697202,SSI
12/31/2012,1.13104105,SSI
1/31/2013,0.651262601,SSI
2/28/2013,1.538158701,SSI
3/31/2013,0.499288694,SSI
4/30/2013,0.968711716,SSI
5/31/2013,0.695450913,SSI
6/30/2013,1.651128116,SSI
7/31/2013,0.798775583,SSI
8/31/2013,0.515236596,SSI
9/30/2013,0.91984614,SSI
10/31/2013,5.009314177,SSI
11/30/2013,0.581105529,SSI
12/31/2013,0.213384751,SSI
1/31/2014,0.029672882,SSI
2/28/2014,-0.579854628,SSI
3/31/2014,-1.336991672,SSI
4/30/2014,-1.008851322,SSI
5/31/2014,-0.240879655,SSI
6/30/2014,-0.103062315,SSI
7/31/2014,0.376366885,SSI
8/31/2014,0.641600555,SSI
9/30/2014,0.952686885,SSI
10/31/2014,5.062657111,SSI
11/30/2014,0.492721671,SSI
12/31/2014,0.36526491,SSI
1/31/2015,0.073164517,SSI
2/28/2015,0.047783266,SSI
3/31/2015,-0.577475105,SSI
4/30/2015,-0.239624662,SSI
5/31/2015,-0.876384011,SSI
6/30/2015,-1.905414384,SSI
7/31/2015,-1.174986792,SSI
8/31/2015,-0.467698799,SSI
9/30/2015,0.678156635,SSI
10/31/2015,4.908785404,SSI
11/30/2015,-0.460055642,SSI
12/31/2015,-0.830425462,SSI
1/31/2016,-1.772924098,SSI
2/29/2016,-2.163828395,SSI
3/31/2016,-2.11810885,SSI
4/30/2016,-2.245172491,SSI
5/31/2016,-2.19275338,SSI
6/30/2016,-1.031026027,SSI
7/31/2016,-0.444751354,SSI
8/31/2016,-0.467698799,SSI
9/30/2016,-0.358458793,SSI
10/31/2016,-0.358458793,SSI
11/30/2016,-0.522959279,SSI
12/31/2016,-0.221735632,SSI
1/31/2017,-0.824812921,SSI
2/28/2017,-0.780820139,SSI
3/31/2017,-0.326181167,SSI
4/30/2017,-0.85166863,SSI
5/31/2017,-0.466575002,SSI
6/30/2017,-0.400784638,SSI
7/31/2017,0.866150293,SSI
8/31/2017,0.541034235,SSI
9/30/2017,0.853922716,SSI
10/31/2017,5.008493062,SSI
11/30/2017,1.080115157,SSI
12/31/2017,1.260340175,SSI
1/31/2018,1.118971137,SSI
2/28/2018,0.037448985,SSI
3/31/2018,-0.10058108,SSI
4/30/2018,0.567406813,SSI
5/31/2018,0.117601382,SSI
6/30/2018,-0.981344272,SSI
7/31/2018,-0.39314685,SSI
8/31/2018,-0.467698799,SSI
9/30/2018,-0.358458793,SSI
10/31/2018,-0.358458793,SSI
11/30/2018,-0.994457883,SSI
12/31/2018,-1.174986792,SSI
1/31/2019,-1.44877588,SSI
2/28/2019,-1.621502074,SSI
3/31/2019,-1.230764678,SSI
4/30/2019,-1.601613827,SSI
5/31/2019,-1.886445767,SSI
6/30/2019,-1.952765875,SSI
7/31/2019,-1.174986792,SSI
8/31/2019,-0.467698799,SSI
9/30/2019,-0.358458793,SSI
10/31/2019,-0.358458793,SSI
11/30/2019,-0.994457883,SSI
12/31/2019,-0.807471277,SSI
1/31/2020,-1.513450755,SSI
2/29/2020,-1.090987119,SSI
3/31/2020,-0.84687067,SSI
4/30/2020,-1.298519311,SSI
5/31/2020,-1.052671768,SSI
6/30/2020,-0.493164129,SSI
7/31/2020,-0.488514472,SSI
8/31/2020,-0.467698799,SSI
9/30/2020,-0.358458793,SSI
10/31/2020,-0.358458793,SSI
11/30/2020,-0.182617297,SSI
12/31/2020,-0.666802657,SSI
1/31/2021,-0.389994373,SSI
2/28/2021,-0.327235096,SSI
3/31/2021,-0.079689487,SSI
4/30/2021,0.176592425,SSI
5/31/2021,0.328966765,SSI
6/30/2021,0.035691824,SSI
7/31/2021,0.486777552,SSI
8/31/2021,0.176859446,SSI
9/30/2021,0.617776012,SSI
10/31/2021,4.868266651,SSI
11/30/2021,0.295480769,SSI
12/31/2021,0.039422772,SSI
1/31/2022,-0.32213351,SSI
2/28/2022,-0.618484775,SSI
3/31/2022,-1.04857753,SSI
4/30/2022,-0.651306864,SSI
5/31/2022,-0.203564934,SSI
6/30/2022,-0.557120022,SSI
7/31/2022,-1.174986792,SSI
8/31/2022,-0.467698799,SSI
9/30/2022,-0.358458793,SSI
10/31/2022,-0.358458793,SSI
11/30/2022,-0.994457883,SSI
12/31/2022,-1.174986792,SSI
1/31/2023,-1.683704062,SSI
2/28/2023,-1.342839224,SSI
3/31/2023,-0.737044976,SSI
4/30/2023,0.645173088,SSI
5/31/2023,0.452787042,SSI
6/30/2023,-0.610481362,SSI
7/31/2023,-0.256968371,SSI
8/31/2023,-0.467698799,SSI
9/30/2023,-0.358458793,SSI
10/31/2023,-0.358458793,SSI
11/30/2023,0.435974837,SSI
12/31/2023,0.696694075,SSI
1/31/2024,0.344244431,SSI
2/29/2024,0.38483081,SSI
3/31/2024,-0.458346048,SSI
4/30/2024,-0.10679928,SSI
5/31/2024,-0.288045052,SSI
6/30/2024,0.963889459,SSI
7/31/2024,0.966416466,SSI
8/31/2024,0.626874741,SSI
9/30/2024,0.852295087,SSI
10/31/2024,4.960026463,SSI
11/30/2024,0.314294968,SSI
12/31/2024,0.621243189,SSI
1/31/2001,-0.157310685,SGI
2/28/2001,-1.258161561,SGI
3/31/2001,-1.054472452,SGI
4/30/2001,-0.61029461,SGI
5/31/2001,-0.741594044,SGI
6/30/2001,-0.488776411,SGI
7/31/2001,-0.741594044,SGI
8/31/2001,-0.887146559,SGI
9/30/2001,-0.575109281,SGI
10/31/2001,0,SGI
11/30/2001,-0.450744213,SGI
12/31/2001,-0.450744213,SGI
1/31/2002,-0.264146977,SGI
2/28/2002,-0.264146977,SGI
3/31/2002,0.264146977,SGI
4/30/2002,0.157310685,SGI
5/31/2002,0.264146977,SGI
6/30/2002,0.157310685,SGI
7/31/2002,-0.05224518,SGI
8/31/2002,0.61029461,SGI
9/30/2002,0.450744213,SGI
10/31/2002,0.575109281,SGI
11/30/2002,0.709102503,SGI
12/31/2002,0,SGI
1/31/2003,0.05224518,SGI
2/28/2003,0.05224518,SGI
3/31/2003,-0.264146977,SGI
4/30/2003,-0.37409541,SGI
5/31/2003,-0.488776411,SGI
6/30/2003,-1.258161561,SGI
7/31/2003,-1.054472452,SGI
8/31/2003,-1.054472452,SGI
9/30/2003,-1.233494562,SGI
10/31/2003,-1.027154273,SGI
11/30/2003,-1.027154273,SGI
12/31/2003,-0.85725432,SGI
1/31/2004,-0.741594044,SGI
2/29/2004,-0.61029461,SGI
3/31/2004,-0.741594044,SGI
4/30/2004,-1.258161561,SGI
5/31/2004,-1.054472452,SGI
6/30/2004,-0.61029461,SGI
7/31/2004,-0.264146977,SGI
8/31/2004,-0.488776411,SGI
9/30/2004,-0.85725432,SGI
10/31/2004,-0.85725432,SGI
11/30/2004,-0.709102503,SGI
12/31/2004,-0.709102503,SGI
1/31/2005,-1.054472452,SGI
2/28/2005,-1.534120544,SGI
3/31/2005,-1.534120544,SGI
4/30/2005,-2.036834132,SGI
5/31/2005,-0.887146559,SGI
6/30/2005,-0.741594044,SGI
7/31/2005,-0.887146559,SGI
8/31/2005,0.05224518,SGI
9/30/2005,-0.219722916,SGI
10/31/2005,-0.575109281,SGI
11/30/2005,-0.575109281,SGI
12/31/2005,-0.575109281,SGI
1/31/2006,-0.887146559,SGI
2/28/2006,-0.887146559,SGI
3/31/2006,-0.887146559,SGI
4/30/2006,-0.887146559,SGI
5/31/2006,-1.534120544,SGI
6/30/2006,-1.054472452,SGI
7/31/2006,-1.534120544,SGI
8/31/2006,-2.036834132,SGI
9/30/2006,-1.512389586,SGI
10/31/2006,-2.019086201,SGI
11/30/2006,-2.019086201,SGI
12/31/2006,-2.019086201,SGI
1/31/2007,-2.036834132,SGI
2/28/2007,-2.036834132,SGI
3/31/2007,-2.036834132,SGI
4/30/2007,-0.488776411,SGI
5/31/2007,2.036834132,SGI
6/30/2007,-0.887146559,SGI
7/31/2007,-0.37409541,SGI
8/31/2007,-0.264146977,SGI
9/30/2007,0.333005098,SGI
10/31/2007,0.333005098,SGI
11/30/2007,0,SGI
12/31/2007,0.109200482,SGI
1/31/2008,0.157310685,SGI
2/29/2008,0.61029461,SGI
3/31/2008,0.488776411,SGI
4/30/2008,0.887146559,SGI
5/31/2008,0.488776411,SGI
6/30/2008,-0.264146977,SGI
7/31/2008,-0.61029461,SGI
8/31/2008,-0.61029461,SGI
9/30/2008,-0.450744213,SGI
10/31/2008,-0.333005098,SGI
11/30/2008,-0.219722916,SGI
12/31/2008,-0.333005098,SGI
1/31/2009,-0.488776411,SGI
2/28/2009,-0.488776411,SGI
3/31/2009,-0.157310685,SGI
4/30/2009,-0.741594044,SGI
5/31/2009,-0.61029461,SGI
6/30/2009,0.264146977,SGI
7/31/2009,0.05224518,SGI
8/31/2009,-0.157310685,SGI
9/30/2009,-0.333005098,SGI
10/31/2009,-0.219722916,SGI
11/30/2009,0.333005098,SGI
12/31/2009,0.333005098,SGI
1/31/2010,0.37409541,SGI
2/28/2010,0.488776411,SGI
3/31/2010,0.741594044,SGI
4/30/2010,0.264146977,SGI
5/31/2010,0.741594044,SGI
6/30/2010,1.054472452,SGI
7/31/2010,0.264146977,SGI
8/31/2010,0.887146559,SGI
9/30/2010,2.019086201,SGI
10/31/2010,2.019086201,SGI
11/30/2010,2.019086201,SGI
12/31/2010,2.019086201,SGI
1/31/2011,1.534120544,SGI
2/28/2011,1.258161561,SGI
3/31/2011,1.054472452,SGI
4/30/2011,0.741594044,SGI
5/31/2011,0.887146559,SGI
6/30/2011,0.61029461,SGI
7/31/2011,1.054472452,SGI
8/31/2011,2.036834132,SGI
9/30/2011,1.512389586,SGI
10/31/2011,1.512389586,SGI
11/30/2011,1.512389586,SGI
12/31/2011,1.233494562,SGI
1/31/2012,1.258161561,SGI
2/29/2012,0.264146977,SGI
3/31/2012,0.37409541,SGI
4/30/2012,0.488776411,SGI
5/31/2012,0.37409541,SGI
6/30/2012,0.887146559,SGI
7/31/2012,2.036834132,SGI
8/31/2012,1.054472452,SGI
9/30/2012,1.027154273,SGI
10/31/2012,1.027154273,SGI
11/30/2012,1.027154273,SGI
12/31/2012,0.709102503,SGI
1/31/2013,0.61029461,SGI
2/28/2013,0.887146559,SGI
3/31/2013,0.61029461,SGI
4/30/2013,0.61029461,SGI
5/31/2013,0.61029461,SGI
6/30/2013,1.534120544,SGI
7/31/2013,1.534120544,SGI
8/31/2013,0.741594044,SGI
9/30/2013,0.709102503,SGI
10/31/2013,0.709102503,SGI
11/30/2013,0.85725432,SGI
12/31/2013,0.85725432,SGI
1/31/2014,0.488776411,SGI
2/28/2014,0.157310685,SGI
3/31/2014,-0.37409541,SGI
4/30/2014,-0.264146977,SGI
5/31/2014,-0.05224518,SGI
6/30/2014,0.488776411,SGI
7/31/2014,0.741594044,SGI
8/31/2014,1.258161561,SGI
9/30/2014,1.233494562,SGI
10/31/2014,0.85725432,SGI
11/30/2014,0.575109281,SGI
12/31/2014,0.450744213,SGI
1/31/2015,0.741594044,SGI
2/28/2015,0.741594044,SGI
3/31/2015,0.157310685,SGI
4/30/2015,0.05224518,SGI
5/31/2015,-0.157310685,SGI
6/30/2015,-0.05224518,SGI
7/31/2015,-0.157310685,SGI
8/31/2015,-0.37409541,SGI
9/30/2015,-0.709102503,SGI
10/31/2015,-0.450744213,SGI
11/30/2015,-0.333005098,SGI
12/31/2015,-0.219722916,SGI
1/31/2016,-0.37409541,SGI
2/29/2016,-0.37409541,SGI
3/31/2016,-0.488776411,SGI
4/30/2016,-0.157310685,SGI
5/31/2016,-0.264146977,SGI
6/30/2016,0.37409541,SGI
7/31/2016,0.61029461,SGI
8/31/2016,0.157310685,SGI
9/30/2016,-0.109200482,SGI
10/31/2016,-0.109200482,SGI
11/30/2016,-0.109200482,SGI
12/31/2016,-0.109200482,SGI
1/31/2017,-0.05224518,SGI
2/28/2017,-0.05224518,SGI
3/31/2017,0.05224518,SGI
4/30/2017,-0.05224518,SGI
5/31/2017,0.157310685,SGI
6/30/2017,0.05224518,SGI
7/31/2017,1.258161561,SGI
8/31/2017,1.534120544,SGI
9/30/2017,0.85725432,SGI
10/31/2017,1.233494562,SGI
11/30/2017,1.233494562,SGI
12/31/2017,1.027154273,SGI
1/31/2018,0.887146559,SGI
2/28/2018,0.37409541,SGI
3/31/2018,-0.05224518,SGI
4/30/2018,0.37409541,SGI
5/31/2018,-0.37409541,SGI
6/30/2018,-0.37409541,SGI
7/31/2018,-0.488776411,SGI
8/31/2018,-0.741594044,SGI
9/30/2018,-1.027154273,SGI
10/31/2018,-1.233494562,SGI
11/30/2018,-1.512389586,SGI
12/31/2018,-1.512389586,SGI
1/31/2019,-0.61029461,SGI
2/28/2019,-0.741594044,SGI
3/31/2019,-1.258161561,SGI
4/30/2019,-1.534120544,SGI
5/31/2019,-2.036834132,SGI
6/30/2019,-2.036834132,SGI
7/31/2019,-1.258161561,SGI
8/31/2019,-1.258161561,SGI
9/30/2019,-2.019086201,SGI
10/31/2019,-1.512389586,SGI
11/30/2019,-1.233494562,SGI
12/31/2019,-1.233494562,SGI
1/31/2020,-1.258161561,SGI
2/29/2020,-1.054472452,SGI
3/31/2020,-0.61029461,SGI
4/30/2020,-1.054472452,SGI
5/31/2020,-1.258161561,SGI
6/30/2020,-1.534120544,SGI
7/31/2020,-2.036834132,SGI
8/31/2020,-1.534120544,SGI
9/30/2020,0,SGI
10/31/2020,0.450744213,SGI
11/30/2020,0.109200482,SGI
12/31/2020,0.219722916,SGI
1/31/2021,0.264146977,SGI
2/28/2021,1.054472452,SGI
3/31/2021,1.258161561,SGI
4/30/2021,1.054472452,SGI
5/31/2021,1.534120544,SGI
6/30/2021,1.258161561,SGI
7/31/2021,0.887146559,SGI
8/31/2021,0.488776411,SGI
9/30/2021,0.575109281,SGI
10/31/2021,0.219722916,SGI
11/30/2021,0.219722916,SGI
12/31/2021,0.575109281,SGI
1/31/2022,1.054472452,SGI
2/28/2022,1.534120544,SGI
3/31/2022,1.534120544,SGI
4/30/2022,1.534120544,SGI
5/31/2022,0.05224518,SGI
6/30/2022,-0.157310685,SGI
7/31/2022,0.157310685,SGI
8/31/2022,-0.05224518,SGI
9/30/2022,0.109200482,SGI
10/31/2022,-0.709102503,SGI
11/30/2022,-0.85725432,SGI
12/31/2022,-1.027154273,SGI
1/31/2023,-1.534120544,SGI
2/28/2023,-0.157310685,SGI
3/31/2023,0.887146559,SGI
4/30/2023,1.258161561,SGI
5/31/2023,1.054472452,SGI
6/30/2023,0.741594044,SGI
7/31/2023,0.488776411,SGI
8/31/2023,0.264146977,SGI
9/30/2023,0.219722916,SGI
10/31/2023,0.109200482,SGI
11/30/2023,0.450744213,SGI
12/31/2023,1.512389586,SGI
1/31/2024,2.036834132,SGI
2/29/2024,2.036834132,SGI
3/31/2024,2.036834132,SGI
4/30/2024,2.036834132,SGI
5/31/2024,1.258161561,SGI
6/30/2024,2.036834132,SGI
7/31/2024,0.37409541,SGI
8/31/2024,0.37409541,SGI
